ClipID,Boredom,Engagement,Confusion,Frustration 
5000441001.avi,1,2,0,0
5000441002.avi,0,2,0,0
5000441003.avi,1,2,0,0
5000441005.avi,2,2,0,0
5000441006.avi,2,2,1,2
5000441007.avi,2,2,0,0
5000441008.avi,2,2,0,1
5000441009.avi,0,3,0,0
5000441010.avi,2,2,0,0
5000441012.avi,1,2,0,0
5000441013.avi,1,2,0,0
5000441014.avi,1,2,1,1
5000441015.avi,0,2,1,2
5000441016.avi,0,3,0,0
5000441017.avi,2,2,1,0
5000441018.avi,1,3,0,0
5000441021.avi,2,3,0,0
5000441022.avi,2,2,1,1
5000441023.avi,0,3,0,0
5000441024.avi,2,1,1,0
5000441027.avi,0,3,0,0
5000441030.avi,2,2,0,0
5000441031.avi,3,2,0,0
5000441032.avi,2,2,0,0
5000441033.avi,2,2,0,0
5000441034.avi,0,2,2,0
5000441035.avi,1,3,1,0
5000441037.avi,0,2,0,0
5000441038.avi,2,3,0,0
5000441039.avi,2,3,0,0
5000441040.avi,1,3,1,0
5000441041.avi,0,3,0,0
5000441042.avi,0,2,0,0
5000441043.avi,1,2,0,0
5000441044.avi,0,2,0,0
5000441045.avi,1,2,0,1
5000441046.avi,1,3,0,0
5000441047.avi,1,2,1,1
5000441048.avi,0,2,0,0
5000441050.avi,2,2,0,0
5000441051.avi,1,2,1,1
5000441052.avi,2,2,0,0
5000441053.avi,1,3,0,0
5000441054.avi,2,2,0,0
5000441055.avi,0,3,0,0
5000441058.avi,2,1,0,0
5000441059.avi,0,2,0,1
5000441061.avi,1,3,0,0
5000441062.avi,1,2,0,0
5000441064.avi,0,2,0,0
5000441065.avi,2,2,0,0
5000441066.avi,0,2,1,0
5000441067.avi,2,1,0,0
5000441068.avi,2,2,0,0
5000441069.avi,0,2,0,0
5000441070.avi,0,3,0,0
5000441071.avi,0,3,0,0
5000441072.avi,1,3,0,0
5000442001.avi,0,3,1,0
5000442002.avi,2,2,2,2
5000442003.avi,0,2,0,0
5000442004.avi,2,2,1,1
5000442005.avi,2,2,1,1
5000442007.avi,0,2,0,0
5000442008.avi,1,2,0,0
5000442009.avi,0,3,0,0
5000442010.avi,1,2,1,1
5000442014.avi,1,3,0,0
5000442015.avi,0,2,0,1
5000442016.avi,1,2,0,0
5000442019.avi,0,2,0,0
5000442021.avi,2,2,0,0
5000442022.avi,0,3,0,0
5000442024.avi,0,2,0,0
5000442025.avi,2,2,0,0
5000442026.avi,0,2,0,0
5000442027.avi,2,3,0,0
5000442028.avi,2,2,0,0
5000442029.avi,0,3,0,0
5000442033.avi,2,2,0,0
5000442034.avi,0,3,0,0
5000442035.avi,0,3,0,0
5000442036.avi,0,2,0,0
5000442037.avi,1,3,1,1
5000442038.avi,0,3,0,0
5000442039.avi,0,3,0,0
5000442040.avi,0,3,0,0
5000442042.avi,1,2,0,1
5000442043.avi,1,3,0,0
5000442045.avi,0,3,0,0
5000442047.avi,1,2,1,0
5000442048.avi,0,2,0,0
5000442050.avi,0,2,0,0
5000442051.avi,0,2,0,0
5000442052.avi,0,2,0,0
5000442053.avi,1,2,0,0
5000442054.avi,1,3,0,0
5000442055.avi,2,3,2,0
5000442056.avi,1,2,0,0
5000442057.avi,0,3,2,0
5000442058.avi,1,3,0,0
5000442059.avi,0,3,1,1
5000442060.avi,0,2,0,0
5000442062.avi,1,2,0,0
5000442063.avi,1,3,1,0
5000442064.avi,0,3,0,0
5000442065.avi,0,3,0,0
5000442066.avi,0,3,0,0
5000442067.avi,0,2,0,0
5000442068.avi,0,3,0,0
5000442069.avi,1,3,0,0
5000442070.avi,1,3,0,0
5000442072.avi,1,2,0,0
5000442073.avi,1,3,1,1
5000442074.avi,0,2,0,0
5000442075.avi,1,2,0,0
5000442076.avi,1,2,0,0
5000442077.avi,2,2,0,0
5000442078.avi,0,2,0,0
5000671001.avi,0,3,0,0
5000671002.avi,0,2,0,0
5000671003.avi,1,2,1,1
5000671004.avi,0,3,0,0
5000671005.avi,2,2,1,0
5000671006.avi,1,2,0,0
5000671008.avi,0,3,1,0
5000671009.avi,1,2,1,0
5000671010.avi,1,3,0,0
5000671011.avi,0,3,0,0
5000671012.avi,0,3,0,0
5000671013.avi,2,2,0,0
5000671014.avi,0,3,0,0
5000671015.avi,0,3,0,0
5000671016.avi,1,2,0,0
5000671017.avi,0,2,0,0
5000671018.avi,0,3,0,0
5000671019.avi,0,2,1,0
5000671020.avi,2,2,0,0
5000671022.avi,0,2,0,0
5000671023.avi,1,3,2,0
5000671024.avi,0,2,0,0
5000671026.avi,2,3,0,0
5000671027.avi,0,2,0,0
5000671028.avi,0,3,0,0
5000671029.avi,3,2,0,0
5000671030.avi,0,3,0,0
5000671031.avi,2,2,2,1
5000671032.avi,0,3,0,0
5000671033.avi,0,3,0,0
5000671034.avi,2,2,0,0
5000671035.avi,0,3,0,0
5000671036.avi,1,2,0,0
5000671037.avi,0,2,0,0
5000671038.avi,2,2,0,0
5000671039.avi,2,2,0,2
5000671040.avi,2,2,1,1
5000671041.avi,2,1,0,0
5000671042.avi,2,1,1,0
5000671043.avi,3,2,0,3
5000671046.avi,1,2,1,0
5000671047.avi,2,2,0,0
5000671048.avi,1,1,0,2
5000671049.avi,1,1,0,0
5000671050.avi,2,2,2,1
5000671051.avi,2,2,0,0
5000671053.avi,1,2,1,0
5000671055.avi,1,2,0,0
5000671056.avi,2,3,1,0
5000671057.avi,2,2,0,0
5000671058.avi,2,1,0,0
5000671059.avi,1,2,0,0
5000671060.avi,0,2,0,0
5000671061.avi,1,1,1,2
5000671062.avi,1,2,1,1
5000671063.avi,1,2,0,0
5000671064.avi,0,3,0,0
5000671065.avi,2,2,1,0
5000671066.avi,1,2,0,0
5000671067.avi,2,2,0,2
5000671069.avi,2,1,0,1
5000671070.avi,1,1,1,2
5000671071.avi,2,2,0,0
5000672002.avi,1,2,0,0
5000672004.avi,0,2,0,0
5000672005.avi,0,2,0,0
5000672006.avi,0,3,0,0
5000672007.avi,0,2,0,0
5000672008.avi,3,2,0,0
5000672010.avi,2,2,0,0
5000672011.avi,2,3,0,0
5000672012.avi,1,2,0,0
5000672013.avi,0,3,0,0
5000672014.avi,1,3,0,0
5000672016.avi,2,2,0,0
5000672017.avi,2,2,1,1
5000672019.avi,0,3,0,0
5000672020.avi,0,3,0,0
5000672021.avi,0,3,0,0
5000672022.avi,0,3,0,0
5000672023.avi,1,2,0,0
5000672024.avi,0,2,0,0
5000672025.avi,0,3,0,0
5000672026.avi,0,3,0,0
5000672027.avi,1,2,0,0
5000672030.avi,2,2,1,0
5000672031.avi,2,2,0,0
5000672033.avi,1,2,1,0
5000672034.avi,2,2,1,1
5000672035.avi,0,3,0,0
5000672036.avi,1,2,1,1
5000672038.avi,0,3,0,1
5000672042.avi,0,3,0,0
5000672043.avi,0,3,0,0
5000672044.avi,0,3,0,0
5000672045.avi,0,3,0,0
5000672046.avi,1,2,1,0
5000672047.avi,1,2,0,0
5000672048.avi,1,2,1,1
5000672049.avi,2,2,0,0
5000672050.avi,1,2,1,1
5000672051.avi,0,3,0,0
5000672052.avi,1,3,0,0
5000672053.avi,1,2,0,0
5000672054.avi,0,3,0,0
5000672055.avi,2,3,1,0
5000672056.avi,0,3,0,0
5000672057.avi,2,2,0,0
5000672058.avi,1,2,0,0
5000672059.avi,2,2,1,0
5000672060.avi,0,2,0,0
5000672062.avi,0,3,1,0
5000672064.avi,1,2,0,1
5000672065.avi,0,2,1,0
5000672066.avi,1,2,1,0
5000672067.avi,1,2,0,0
5000672068.avi,0,2,0,0
5000672070.avi,2,3,2,1
5000672071.avi,1,2,0,0
5000672072.avi,1,2,0,0
5000672074.avi,0,3,0,0
5000672075.avi,2,3,0,1
5000672076.avi,0,3,0,0
5000672077.avi,0,2,0,1
5000672081.avi,1,2,0,0
5000672082.avi,0,2,0,0
5000951001.avi,1,2,2,1
5000951002.avi,0,2,0,0
5000951003.avi,0,3,0,0
5000951004.avi,0,2,1,0
5000951005.avi,1,2,0,0
5000951006.avi,1,2,1,1
5000951007.avi,1,3,0,0
5000951008.avi,2,2,2,0
5000951009.avi,0,3,0,0
5000951010.avi,2,2,2,3
5000951011.avi,1,3,0,0
5000951012.avi,3,2,0,0
5000951013.avi,2,2,0,0
5000951015.avi,2,3,0,0
5000951016.avi,2,2,0,0
5000951017.avi,2,2,0,0
5000951018.avi,3,2,0,0
5000951019.avi,2,1,2,0
5000951021.avi,3,2,0,0
5000951023.avi,3,1,0,0
5000951024.avi,2,1,2,1
5000951025.avi,2,2,2,0
5000951027.avi,2,1,1,0
5000951028.avi,1,3,1,1
5000951033.avi,1,2,0,0
5000951034.avi,2,2,0,0
5000951035.avi,0,2,0,0
5000951037.avi,2,2,1,1
5000951039.avi,0,2,0,0
5000951040.avi,0,3,0,0
5000951042.avi,1,2,2,0
5000951043.avi,0,3,1,0
5000951044.avi,1,2,0,1
5000951045.avi,2,2,0,0
5000951047.avi,0,2,0,0
5000951049.avi,0,3,0,0
5000951051.avi,1,3,1,1
5000951052.avi,0,2,0,0
5000951053.avi,1,2,0,1
5000951054.avi,0,3,1,0
5000951055.avi,1,2,0,0
5000951056.avi,2,3,0,0
5000951057.avi,0,3,1,0
5000951058.avi,0,3,0,0
5000951060.avi,2,3,0,0
5000951061.avi,1,2,0,0
5000951062.avi,2,2,0,0
5000951063.avi,1,2,0,1
5000951065.avi,1,3,0,0
5000951066.avi,1,2,0,0
5000951067.avi,0,2,1,0
5000952002.avi,2,2,0,0
5000952003.avi,2,2,2,0
5000952004.avi,2,2,2,3
5000952005.avi,1,3,1,1
5000952007.avi,1,3,1,0
5000952008.avi,2,3,0,0
5000952011.avi,2,2,0,0
5000952013.avi,2,2,0,0
5000952014.avi,2,2,2,1
5000952015.avi,1,3,1,1
5000952016.avi,0,2,3,0
5000952017.avi,1,2,2,0
5000952018.avi,2,2,0,1
5000952020.avi,0,2,0,0
5000952021.avi,1,2,0,0
5000952022.avi,1,2,1,1
5000952023.avi,0,3,0,0
5000952024.avi,0,2,0,0
5000952025.avi,0,3,0,0
5000952026.avi,0,3,0,0
5000952027.avi,0,2,0,0
5000952028.avi,0,2,1,0
5000952029.avi,2,2,0,0
5000952031.avi,2,2,0,0
5000952032.avi,0,2,0,0
5000952033.avi,0,2,0,0
5000952034.avi,1,1,2,0
5000952035.avi,0,2,0,0
5000952036.avi,1,2,0,0
5000952038.avi,0,3,0,0
5000952040.avi,2,3,0,0
5000952041.avi,0,2,0,0
5000952042.avi,1,2,0,0
5000952044.avi,1,2,2,0
5000952045.avi,1,2,0,0
5000952046.avi,1,3,0,0
5000952048.avi,0,2,0,0
5000952050.avi,0,3,0,0
5000952052.avi,1,2,0,0
5000952053.avi,0,3,0,0
5000952054.avi,1,2,2,1
5000952055.avi,0,2,0,0
5000952060.avi,2,2,0,0
5000952061.avi,2,2,0,0
5000952062.avi,1,1,0,0
5000952063.avi,0,2,0,0
5000952064.avi,0,3,0,0
5000952065.avi,3,2,1,0
5000952066.avi,2,2,0,0
5000952068.avi,1,3,0,0
5000952069.avi,2,2,0,0
5000952070.avi,0,3,0,0
5000952071.avi,2,2,0,0
5000952072.avi,0,3,0,0
5000952073.avi,0,2,0,0
5000952075.avi,1,2,1,1
5000952076.avi,2,3,0,0
5000952077.avi,0,2,0,0
5000952078.avi,2,2,0,0
5000952080.avi,0,3,0,0
5000952083.avi,3,1,0,0
5100091001.avi,0,2,0,0
5100091003.avi,0,3,0,0
5100091004.avi,0,3,1,1
5100091005.avi,0,2,0,0
5100091006.avi,0,2,0,0
5100091007.avi,0,3,0,0
5100091008.avi,0,3,1,0
5100091009.avi,0,2,0,0
5100091010.avi,0,3,0,0
5100091012.avi,1,2,1,1
5100091017.avi,2,2,1,1
5100091019.avi,2,2,0,0
5100091020.avi,1,3,0,1
5100091025.avi,1,2,0,0
5100091026.avi,0,3,0,0
5100091027.avi,0,2,0,0
5100091028.avi,1,2,0,0
5100091032.avi,1,3,0,0
5100091033.avi,2,2,1,0
5100091034.avi,0,3,0,0
5100091035.avi,1,3,1,1
5100091036.avi,1,3,0,1
5100091038.avi,0,3,0,0
5100091039.avi,0,3,1,1
5100091042.avi,0,3,1,0
5100091046.avi,0,3,0,0
5100091049.avi,1,1,0,0
5100091050.avi,2,2,0,1
5100091051.avi,0,2,0,0
5100091053.avi,0,2,0,0
5100091055.avi,0,3,0,0
5100091056.avi,0,2,0,0
5100091057.avi,0,2,0,0
5100091058.avi,0,2,0,0
5100091059.avi,1,2,0,0
5100091062.avi,1,2,3,3
5100091064.avi,2,2,2,0
5100091065.avi,1,3,0,0
5100091066.avi,1,2,1,0
5100091067.avi,0,3,0,0
5100091068.avi,0,2,0,0
5100091069.avi,0,3,0,0
5100092002.avi,0,3,0,0
5100092003.avi,0,3,0,0
5100092005.avi,0,3,0,0
5100092006.avi,0,3,0,0
5100092008.avi,0,3,0,0
5100092010.avi,0,3,0,0
5100092011.avi,0,2,0,0
5100092013.avi,0,3,0,0
5100092017.avi,0,2,0,0
5100092019.avi,0,3,0,0
5100092021.avi,1,2,1,0
5100092022.avi,0,3,0,0
5100092023.avi,0,3,0,0
5100092026.avi,0,3,0,0
5100092027.avi,0,3,0,0
5100092032.avi,1,2,0,0
5100092033.avi,0,3,0,0
5100092034.avi,0,2,2,1
5100092035.avi,2,2,1,1
5100092037.avi,0,2,0,0
5100092038.avi,0,2,0,0
5100092039.avi,0,3,0,0
5100092040.avi,0,3,0,0
5100092041.avi,0,2,0,0
5100092042.avi,0,3,0,0
5100092043.avi,1,2,0,0
5100092044.avi,0,3,0,0
5100092045.avi,0,3,0,0
5100092053.avi,1,2,0,0
5100092056.avi,1,2,1,1
5100092057.avi,1,2,1,0
5100092060.avi,0,3,0,0
5100092061.avi,0,3,0,0
5100092062.avi,1,2,0,0
5100092063.avi,1,2,0,0
5100092064.avi,0,3,0,0
5100092065.avi,0,2,0,1
5100092067.avi,0,3,0,0
5100092068.avi,0,2,0,0
5100092069.avi,1,3,0,0
5100092071.avi,0,3,0,0
5100092072.avi,1,3,0,0
5100341002.avi,1,2,1,0
5100341003.avi,1,2,0,0
5100341004.avi,0,3,0,0
5100341005.avi,1,2,0,0
5100341006.avi,2,2,0,0
5100341008.avi,2,2,0,0
5100341009.avi,2,2,0,0
5100341010.avi,2,2,0,0
5100341012.avi,2,3,0,1
5100341013.avi,1,2,0,0
5100341014.avi,1,3,0,0
5100341015.avi,0,2,0,0
5100341016.avi,2,2,2,1
5100341017.avi,2,2,0,0
5100341019.avi,2,2,0,0
5100341020.avi,3,3,0,1
5100341021.avi,0,3,0,0
5100341022.avi,2,2,0,0
5100341023.avi,0,2,0,0
5100341024.avi,0,3,0,0
5100341025.avi,0,2,0,0
5100341026.avi,0,3,0,0
5100341027.avi,0,3,0,0
5100341028.avi,1,2,0,0
5100341030.avi,2,2,0,1
5100341031.avi,2,3,0,1
5100341032.avi,2,2,0,0
5100341033.avi,1,2,1,0
5100341034.avi,1,3,0,0
5100341035.avi,1,2,1,1
5100341037.avi,0,2,0,0
5100341038.avi,1,2,0,0
5100341039.avi,0,3,0,0
5100341042.avi,2,2,0,0
5100341043.avi,0,1,0,0
5100341046.avi,1,2,0,0
5100341048.avi,1,3,0,0
5100341050.avi,2,3,0,0
5100341052.avi,0,3,0,0
5100341054.avi,2,3,0,0
5100341055.avi,2,3,0,0
5100341056.avi,3,2,1,0
5100341057.avi,2,2,0,0
5100341058.avi,0,3,0,0
5100341061.avi,2,2,0,0
5100341062.avi,0,3,0,0
5100341065.avi,0,3,0,0
5100341067.avi,0,3,0,0
5100341068.avi,0,3,0,0
5100341070.avi,1,3,0,0
5100341071.avi,0,3,0,0
5100341072.avi,1,3,1,1
5100341074.avi,2,1,0,0
5100341075.avi,2,3,0,0
5100341076.avi,2,3,0,0
5100341077.avi,0,2,0,0
5100341078.avi,2,3,0,0
5100341079.avi,0,3,0,0
5100342002.avi,2,3,1,0
5100342003.avi,2,2,0,1
5100342007.avi,2,3,0,0
5100342008.avi,2,2,0,0
5100342009.avi,2,2,0,0
5100342012.avi,1,2,0,0
5100342016.avi,2,2,1,2
5100342017.avi,2,3,0,0
5100342018.avi,1,2,1,1
5100342020.avi,2,3,0,0
5100342022.avi,3,0,2,3
5100342023.avi,2,1,0,0
5100342024.avi,3,1,1,2
5100342025.avi,3,2,1,1
5100342028.avi,3,1,1,1
5100342030.avi,3,2,0,3
5100342031.avi,2,2,0,1
5100342034.avi,2,2,3,3
5100342036.avi,3,1,2,0
5100342042.avi,2,2,0,0
5100342043.avi,2,2,0,0
5100342045.avi,2,2,0,0
5100342048.avi,2,1,0,0
5100351001.avi,1,1,0,0
5100351002.avi,2,1,0,1
5100351004.avi,2,2,0,1
5100351005.avi,1,2,1,2
5100351007.avi,2,2,0,0
5100351009.avi,2,2,0,0
5100351010.avi,1,2,0,0
5100351012.avi,2,3,0,0
5100351013.avi,1,1,1,0
5100351015.avi,1,2,0,0
5100351016.avi,2,2,0,0
5100351019.avi,2,2,1,0
5100351020.avi,2,2,0,0
5100351021.avi,2,2,0,0
5100351022.avi,1,0,0,0
5100351023.avi,0,2,0,0
5100351024.avi,2,2,1,0
5100351025.avi,2,2,0,1
5100351026.avi,0,3,0,0
5100351032.avi,2,3,1,1
5100351034.avi,2,3,0,0
5100351035.avi,2,2,1,1
5100351036.avi,1,2,0,0
5100351038.avi,2,2,0,0
5100351039.avi,0,3,0,0
5100351040.avi,0,2,0,0
5100351042.avi,0,1,0,0
5100351043.avi,1,3,0,0
5100351044.avi,1,2,2,1
5100351045.avi,0,2,0,0
5100351046.avi,2,3,2,1
5100351049.avi,2,3,0,0
5100351051.avi,2,3,0,0
5100351054.avi,2,2,2,0
5100351058.avi,2,2,2,0
5100352001.avi,0,2,0,0
5100352002.avi,2,2,1,1
5100352003.avi,2,2,0,0
5100352004.avi,0,3,0,0
5100352005.avi,2,2,0,0
5100352006.avi,2,2,0,0
5100352007.avi,0,3,0,0
5100352008.avi,2,2,0,0
5100352009.avi,0,3,0,0
5100352011.avi,1,2,1,0
5100352012.avi,0,2,0,0
5100352013.avi,1,3,1,1
5100352014.avi,1,2,0,0
5100352015.avi,2,2,2,1
5100352016.avi,2,2,0,0
5100352017.avi,1,3,1,1
5100352018.avi,1,2,0,0
5100352020.avi,0,3,0,0
5100352021.avi,2,2,0,1
5100352022.avi,2,1,0,0
5100352026.avi,0,3,0,0
5100352027.avi,0,3,0,0
5100352028.avi,0,2,0,0
5100352030.avi,0,3,1,0
5100352031.avi,0,3,0,0
5100352032.avi,2,2,0,0
5100352033.avi,0,2,0,0
5100352034.avi,0,2,0,0
5100352035.avi,0,2,0,0
5100352037.avi,0,2,0,0
5100352038.avi,0,3,0,0
5100352039.avi,0,3,0,0
5100352041.avi,0,2,0,0
5100352042.avi,0,2,0,0
5100352043.avi,1,1,0,1
5100352044.avi,2,2,0,0
5100352045.avi,2,3,2,0
5100352046.avi,2,3,0,0
5100352049.avi,0,2,0,0
5100352050.avi,1,2,1,0
5100352051.avi,0,2,0,0
5100352052.avi,0,3,0,0
5100352054.avi,1,1,0,0
5100352055.avi,1,3,1,0
5100352056.avi,1,2,0,0
5100352057.avi,0,2,0,0
5100352060.avi,1,2,1,0
5100352061.avi,0,2,0,0
5100352063.avi,2,2,0,0
5100361009.avi,2,2,0,1
5100361056.avi,1,2,0,0
5100362028.avi,2,3,1,1
5100362029.avi,2,2,0,1
5100362030.avi,0,3,1,0
5100362052.avi,3,2,1,0
5100371022.avi,1,2,2,1
5100371023.avi,0,3,0,0
5100371024.avi,1,2,0,0
5100371026.avi,0,3,0,0
5100371027.avi,1,3,0,1
5100371042.avi,0,3,1,0
5100371055.avi,0,2,1,1
5100371056.avi,0,2,3,2
5100371067.avi,1,2,0,0
5100371079.avi,0,2,0,0
5100372001.avi,0,3,0,0
5100372002.avi,0,2,0,0
5100372003.avi,0,2,0,0
5100372005.avi,1,2,0,1
5100372006.avi,0,3,0,0
5100372007.avi,0,3,0,0
5100372009.avi,0,3,0,0
5100372011.avi,0,3,0,1
5100372015.avi,0,3,0,0
5100372016.avi,1,3,0,0
5100372017.avi,0,3,0,0
5100372018.avi,0,3,2,0
5100372019.avi,0,2,0,0
5100372020.avi,1,3,0,0
5100372021.avi,1,2,0,0
5100372022.avi,0,3,0,0
5100372023.avi,0,3,0,0
5100372026.avi,1,3,0,0
5100372027.avi,1,3,0,0
5100372028.avi,0,2,1,0
5100372069.avi,0,3,0,0
5100381002.avi,2,3,1,0
5100381003.avi,0,3,0,0
5100381004.avi,0,2,0,0
5100381005.avi,0,2,0,0
5100381006.avi,0,2,0,0
5100381007.avi,0,2,0,0
5100381008.avi,2,2,0,0
5100381009.avi,1,2,1,1
5100381010.avi,0,2,0,0
5100381011.avi,0,3,0,0
5100381012.avi,0,3,0,0
5100381015.avi,0,3,0,0
5100381016.avi,0,3,0,0
5100381017.avi,1,2,0,0
5100381018.avi,2,2,0,0
5100381019.avi,1,3,0,0
5100381020.avi,0,2,0,0
5100381021.avi,0,2,0,0
5100381022.avi,0,2,0,0
5100381023.avi,0,3,0,0
5100381024.avi,0,3,0,0
5100381026.avi,0,2,0,0
5100381027.avi,1,3,1,1
5100381028.avi,2,3,0,1
5100381029.avi,0,3,1,0
5100381031.avi,0,2,0,0
5100381032.avi,0,2,0,2
5100381034.avi,0,3,0,0
5100381035.avi,0,2,0,0
5100381037.avi,1,2,0,1
5100381038.avi,0,2,0,0
5100381039.avi,3,2,2,0
5100381040.avi,0,3,0,0
5100381041.avi,0,3,0,0
5100381042.avi,0,2,0,0
5100381043.avi,1,2,0,0
5100381044.avi,0,2,0,0
5100381045.avi,0,3,0,0
5100381046.avi,2,3,1,0
5100381047.avi,0,3,0,0
5100381048.avi,2,3,0,0
5100381049.avi,0,2,0,0
5100381050.avi,0,3,0,0
5100381051.avi,1,2,0,0
5100381052.avi,0,3,0,0
5100381053.avi,0,3,0,0
5100381054.avi,0,2,0,0
5100381055.avi,0,2,0,0
5100381056.avi,0,3,1,0
5100381058.avi,0,2,0,0
5100381059.avi,0,3,0,0
5100381060.avi,1,2,0,0
5100381061.avi,0,2,0,0
5100381063.avi,2,2,1,0
5100381065.avi,0,2,1,1
5100381066.avi,1,2,0,0
5100381067.avi,1,2,1,0
5100381069.avi,2,2,1,3
5100382001.avi,0,2,0,0
5100382003.avi,0,3,0,0
5100382007.avi,0,2,0,0
5100382008.avi,0,2,0,0
5100382010.avi,1,3,1,0
5100382011.avi,1,3,0,0
5100382012.avi,1,3,0,0
5100382013.avi,0,3,0,0
5100382014.avi,0,3,1,0
5100382015.avi,0,2,0,0
5100382016.avi,0,3,0,0
5100382018.avi,0,3,0,0
5100382019.avi,0,3,0,0
5100382020.avi,1,2,0,0
5100382021.avi,0,3,0,0
5100382022.avi,0,3,0,0
5100382023.avi,0,3,0,0
5100382025.avi,0,3,0,0
5100382026.avi,0,3,0,0
5100382027.avi,0,3,0,0
5100382028.avi,0,2,0,0
5100382029.avi,0,3,0,0
5100382030.avi,0,3,0,0
5100382031.avi,0,2,0,0
5100382032.avi,0,2,0,0
5100382033.avi,0,3,1,0
5100382034.avi,0,2,0,0
5100382035.avi,0,2,0,0
5100382036.avi,0,3,0,0
5100382037.avi,0,2,0,0
5100382038.avi,0,3,0,0
5100382039.avi,0,3,0,0
5100382040.avi,0,2,0,0
5100382042.avi,0,3,0,0
5100382045.avi,0,3,0,0
5100382046.avi,0,2,2,0
5100382048.avi,0,2,0,0
5100382050.avi,0,3,0,0
5100382051.avi,0,2,0,0
5100382052.avi,0,3,0,0
5100382053.avi,1,3,0,0
5100382054.avi,2,2,1,0
5100382055.avi,1,3,0,0
5100382056.avi,0,3,0,1
5100382057.avi,1,3,0,0
5100382058.avi,1,2,0,0
5100382059.avi,0,2,0,0
5100382060.avi,0,3,0,0
5100382061.avi,0,3,0,0
5100382062.avi,0,3,0,0
5100382063.avi,0,3,0,0
5100382064.avi,0,3,0,0
5100382065.avi,0,3,0,0
5100382066.avi,0,2,0,0
5100382067.avi,1,2,0,0
5100382068.avi,0,3,0,0
5100382069.avi,1,2,0,0
5100382070.avi,0,3,0,0
5100382071.avi,0,3,0,0
5100382072.avi,0,3,0,0
5100382073.avi,0,2,0,0
5100382075.avi,0,2,0,0
5100382076.avi,0,2,0,0
5100382077.avi,0,2,0,0
5100382078.avi,0,2,0,0
5100382079.avi,0,2,0,0
5100401001.avi,2,2,1,1
5100401003.avi,2,2,0,0
5100401005.avi,2,2,1,1
5100401006.avi,2,2,0,1
5100401007.avi,0,3,0,0
5100401008.avi,0,3,0,0
5100401010.avi,2,2,0,0
5100401011.avi,2,2,0,0
5100401012.avi,0,2,0,0
5100401014.avi,0,3,0,0
5100401015.avi,0,2,0,0
5100401016.avi,0,2,1,0
5100401018.avi,0,2,0,0
5100401021.avi,0,3,0,0
5100401022.avi,2,3,0,0
5100401023.avi,2,1,1,1
5100401025.avi,0,3,0,0
5100401026.avi,1,3,0,0
5100401028.avi,1,2,1,1
5100401029.avi,3,2,0,0
5100401030.avi,0,3,0,0
5100401031.avi,1,2,1,0
5100401032.avi,1,2,0,0
5100401033.avi,2,2,0,0
5100401034.avi,2,1,0,0
5100401035.avi,2,2,0,0
5100401036.avi,1,2,0,0
5100401038.avi,1,3,0,0
5100401039.avi,2,2,1,1
5100401040.avi,1,2,0,0
5100401042.avi,1,2,0,0
5100401043.avi,1,1,1,1
5100401044.avi,0,3,0,0
5100401045.avi,0,3,0,0
5100401046.avi,0,2,0,0
5100401047.avi,2,2,0,0
5100401048.avi,0,2,0,0
5100401049.avi,1,2,0,0
5100401050.avi,0,2,1,0
5100401051.avi,2,2,0,0
5100401053.avi,1,3,0,1
5100401054.avi,0,2,0,0
5100401055.avi,0,2,0,0
5100401056.avi,0,3,0,0
5100401057.avi,1,3,0,0
5100401059.avi,1,2,0,0
5100401060.avi,2,2,0,0
5100401061.avi,1,2,0,0
5100401062.avi,0,3,0,0
5100401063.avi,1,2,1,1
5100401064.avi,2,2,1,1
5100401065.avi,2,1,0,0
5100401066.avi,0,3,0,0
5100401067.avi,0,2,1,0
5100401069.avi,3,3,0,0
5100401070.avi,2,2,0,0
5100401071.avi,0,2,0,0
5100401072.avi,0,3,1,0
5100401073.avi,1,2,1,1
5100401074.avi,1,3,0,0
5100401075.avi,1,2,2,0
5100401076.avi,0,2,0,0
5100401077.avi,2,2,0,0
5100401078.avi,1,2,0,0
5100402001.avi,1,1,0,0
5100402002.avi,1,2,1,0
5100402004.avi,0,3,0,0
5100402005.avi,1,3,0,0
5100402007.avi,0,2,0,0
5100402008.avi,2,3,1,0
5100402009.avi,0,2,0,0
5100402011.avi,2,2,1,1
5100402012.avi,1,2,1,1
5100402015.avi,1,2,0,0
5100402016.avi,0,2,0,0
5100402017.avi,0,2,1,0
5100402019.avi,0,3,3,0
5100402020.avi,2,2,1,0
5100402023.avi,0,3,1,1
5100402024.avi,2,3,0,0
5100402028.avi,0,2,0,0
5100402029.avi,2,2,2,0
5100402031.avi,2,2,0,0
5100402032.avi,0,3,0,0
5100402033.avi,2,2,0,0
5100402034.avi,0,2,0,0
5100402035.avi,2,3,1,1
5100402036.avi,1,2,2,1
5100402037.avi,2,2,1,1
5100402038.avi,0,3,0,0
5100402039.avi,1,2,0,0
5100402040.avi,2,3,0,0
5100402046.avi,2,2,0,0
5100402047.avi,1,2,0,0
5100402048.avi,2,2,0,0
5100402049.avi,0,3,0,0
5100402050.avi,0,2,0,1
5100402051.avi,2,2,0,2
5100402052.avi,2,2,2,0
5100402053.avi,1,2,0,0
5100402054.avi,2,2,1,1
5100402055.avi,1,2,1,1
5100402057.avi,1,2,1,0
5100402058.avi,2,2,0,0
5100402059.avi,1,2,0,0
5100402062.avi,2,1,0,1
5100402063.avi,2,1,0,2
5100402065.avi,2,3,0,0
5100402066.avi,2,2,0,0
5100402067.avi,0,2,0,0
5100402068.avi,2,2,0,0
5100402069.avi,2,2,0,1
5100421001.avi,1,3,0,1
5100421002.avi,1,2,0,0
5100421003.avi,1,3,0,0
5100421005.avi,1,3,0,0
5100421007.avi,2,2,1,1
5100421009.avi,2,2,0,0
5100421011.avi,1,2,0,1
5100421012.avi,0,3,0,0
5100421013.avi,0,2,1,0
5100421015.avi,0,3,1,2
5100421016.avi,1,3,1,1
5100421017.avi,1,2,0,1
5100421018.avi,0,2,0,0
5100421019.avi,0,3,0,0
5100421020.avi,0,2,0,0
5100421021.avi,0,3,0,0
5100421024.avi,2,3,1,0
5100421025.avi,0,2,1,0
5100421026.avi,1,3,0,0
5100421027.avi,2,2,2,1
5100421029.avi,0,3,0,0
5100421032.avi,0,3,0,0
5100421033.avi,2,3,1,1
5100421034.avi,0,3,0,0
5100421038.avi,2,2,0,0
5100421039.avi,0,3,1,0
5100421040.avi,2,2,0,0
5100421041.avi,2,2,0,0
5100421043.avi,1,2,0,1
5100421045.avi,0,2,0,0
5100421047.avi,1,2,0,0
5100421048.avi,0,3,0,0
5100421049.avi,0,3,0,0
5100421050.avi,2,2,1,0
5100421051.avi,2,2,0,0
5100421052.avi,1,2,0,0
5100421053.avi,0,3,0,0
5100421054.avi,1,2,0,0
5100421056.avi,1,3,0,0
5100421057.avi,1,3,0,0
5100421058.avi,2,2,1,0
5100421059.avi,1,2,0,0
5100421060.avi,0,2,1,0
5100421061.avi,1,2,1,2
5100421062.avi,1,3,1,0
5100421063.avi,2,2,0,0
5100421064.avi,0,3,0,0
5100421065.avi,2,3,0,0
5100421067.avi,1,2,0,0
5100421068.avi,0,3,0,0
5100421069.avi,0,2,0,0
5100421070.avi,0,3,1,0
5100421071.avi,0,2,0,0
5100421072.avi,1,2,0,0
5100421073.avi,0,3,0,0
5100421074.avi,2,2,1,0
5100421076.avi,0,3,0,0
5100421078.avi,0,3,0,0
5100421079.avi,0,3,0,0
5100421080.avi,1,3,1,1
5100421081.avi,1,3,0,0
5100422002.avi,2,2,0,0
5100422003.avi,2,2,0,0
5100422004.avi,0,3,1,0
5100422005.avi,2,2,0,0
5100422006.avi,0,3,0,0
5100422007.avi,0,2,1,0
5100422008.avi,0,2,0,0
5100422009.avi,1,2,0,0
5100422011.avi,2,2,1,0
5100422012.avi,2,3,0,0
5100422013.avi,1,2,0,0
5100422014.avi,2,2,1,1
5100422016.avi,1,2,1,0
5100422017.avi,2,3,0,0
5100422018.avi,1,2,0,0
5100422019.avi,0,3,0,0
5100422022.avi,2,2,0,0
5100422023.avi,1,2,1,1
5100422024.avi,1,2,1,1
5100422025.avi,0,3,0,0
5100422026.avi,1,3,1,1
5100422027.avi,0,2,0,0
5100422028.avi,2,3,0,2
5100422029.avi,2,2,0,0
5100422030.avi,0,2,0,0
5100422033.avi,0,2,0,0
5100422034.avi,1,2,0,0
5100422035.avi,1,2,1,1
5100422036.avi,1,3,0,0
5100422037.avi,1,2,2,0
5100422038.avi,0,3,0,1
5100422039.avi,1,3,0,0
5100422041.avi,1,2,0,0
5100422042.avi,1,3,0,0
5100422044.avi,0,2,1,0
5100422045.avi,0,2,0,0
5100422046.avi,0,3,0,0
5100422047.avi,1,2,1,0
5100422049.avi,1,2,0,1
5100422050.avi,0,3,0,0
5100422051.avi,0,2,0,0
5100422052.avi,2,2,0,0
5100422055.avi,1,3,0,0
5100422056.avi,0,3,0,0
5100422057.avi,0,2,0,0
5100422058.avi,1,2,0,0
5100422059.avi,0,3,0,0
5100422060.avi,0,2,0,0
5100422061.avi,0,3,1,0
5100422062.avi,1,2,0,0
5100422063.avi,0,3,2,0
5100422065.avi,1,3,1,1
5100422066.avi,2,2,1,0
5100422067.avi,0,2,0,0
5100422068.avi,1,2,0,1
5100422069.avi,0,2,0,0
5100422071.avi,2,3,1,0
5100422072.avi,1,2,0,0
5100422073.avi,1,2,0,0
5100422074.avi,1,2,0,0
5100422075.avi,0,3,0,0
5100422077.avi,1,2,1,0
5100422078.avi,0,2,0,0
5100422079.avi,2,3,1,1
5100422080.avi,1,2,0,0
5100422081.avi,1,2,2,0
5100422084.avi,2,2,0,0
5100422085.avi,2,2,0,0
5100451001.avi,1,2,1,1
5100451003.avi,0,3,0,0
5100451004.avi,0,3,0,0
5100451006.avi,0,3,0,0
5100451007.avi,0,3,1,1
5100451012.avi,0,3,0,0
5100451013.avi,0,3,0,0
5100451015.avi,0,3,0,0
5100451016.avi,0,3,0,0
5100451017.avi,1,2,0,0
5100451018.avi,0,3,0,0
5100451019.avi,0,3,0,0
5100451020.avi,0,2,0,0
5100451024.avi,0,3,0,0
5100451026.avi,0,3,0,0
5100451027.avi,0,3,0,0
5100451033.avi,1,2,1,0
5100451034.avi,0,3,0,0
5100451035.avi,0,3,0,0
5100451036.avi,0,2,0,0
5100451038.avi,1,2,0,0
5100451041.avi,1,3,0,0
5100451043.avi,1,2,0,0
5100451044.avi,0,3,0,0
5100451045.avi,0,2,1,0
5100451049.avi,0,3,0,0
5100451050.avi,0,3,0,0
5100451051.avi,1,2,0,0
5100451052.avi,0,3,0,0
5100451055.avi,0,2,0,0
5100451056.avi,1,3,0,0
5100451059.avi,0,3,0,0
5100451060.avi,1,3,1,2
5100451061.avi,0,3,0,0
5100451064.avi,1,2,0,0
5100451065.avi,0,3,0,0
5100451066.avi,1,2,1,0
5100451067.avi,0,3,0,0
5100451070.avi,0,3,0,0
5100451071.avi,1,3,0,1
5100452002.avi,0,2,0,0
5100452004.avi,1,3,0,0
5100452005.avi,0,2,0,0
5100452006.avi,1,3,0,0
5100452007.avi,1,2,0,0
5100452008.avi,0,3,0,0
5100452009.avi,1,3,0,0
5100452010.avi,1,2,0,0
5100452011.avi,0,2,0,0
5100452012.avi,0,3,0,0
5100452013.avi,0,3,0,0
5100452014.avi,0,3,0,0
5100452016.avi,1,1,2,0
5100452017.avi,0,3,1,0
5100452018.avi,2,3,0,0
5100452021.avi,0,2,0,0
5100452023.avi,2,2,1,1
5100452025.avi,1,2,0,0
5100452027.avi,1,2,1,0
5100452028.avi,0,3,0,0
5100452030.avi,0,3,0,0
5100452031.avi,0,3,0,0
5100452032.avi,1,2,0,0
5100452033.avi,1,2,0,0
5100452034.avi,0,3,0,0
5100452035.avi,0,2,0,0
5100452036.avi,1,3,0,0
5100452037.avi,0,3,0,0
5100452038.avi,0,3,0,0
5100452039.avi,1,2,0,1
5100452040.avi,0,2,1,0
5100452047.avi,0,3,0,0
5100452049.avi,0,3,0,0
5100452050.avi,0,3,0,0
5100452053.avi,1,2,0,0
5100452054.avi,0,3,0,0
5100452055.avi,0,2,1,0
5100452059.avi,0,3,0,0
5100452060.avi,0,3,0,0
5100452061.avi,0,2,1,0
5100452065.avi,0,3,0,0
5100452066.avi,0,3,0,0
5100452067.avi,0,3,1,0
5100452076.avi,0,3,0,0
5100452078.avi,0,3,0,0
5100452079.avi,0,3,0,0
5100452080.avi,0,3,0,0
5100452081.avi,0,2,0,0
5100461004.avi,1,2,2,1
5100461005.avi,0,2,2,2
5100461006.avi,0,2,0,0
5100461007.avi,1,1,2,2
5100461008.avi,2,2,2,1
5100461009.avi,2,3,0,0
5100461010.avi,0,2,0,0
5100461011.avi,1,2,1,1
5100461014.avi,0,2,0,0
5100461015.avi,0,3,1,1
5100461016.avi,0,2,0,1
5100461017.avi,0,3,0,0
5100461018.avi,0,2,2,0
5100461020.avi,0,2,0,0
5100461021.avi,0,2,0,0
5100461022.avi,0,3,0,0
5100461023.avi,2,3,0,0
5100461025.avi,0,2,1,1
5100461029.avi,0,2,0,0
5100461030.avi,1,3,1,1
5100461031.avi,0,2,0,0
5100461032.avi,2,2,0,2
5100461033.avi,0,2,0,0
5100461034.avi,1,2,2,3
5100461035.avi,3,2,0,1
5100461036.avi,1,2,3,0
5100461037.avi,0,2,0,3
5100461038.avi,0,2,0,0
5100461039.avi,0,3,1,1
5100461040.avi,1,2,2,1
5100461042.avi,2,3,0,0
5100461043.avi,0,2,2,1
5100461044.avi,0,3,1,3
5100461046.avi,0,2,0,1
5100461047.avi,0,2,0,0
5100461048.avi,0,2,0,0
5100461049.avi,2,2,2,2
5100461050.avi,0,2,2,0
5100461051.avi,0,3,1,0
5100461052.avi,2,2,1,1
5100461053.avi,0,3,1,0
5100461054.avi,1,2,1,2
5100461055.avi,0,3,0,0
5100461056.avi,1,3,1,1
5100461057.avi,0,2,0,0
5100461058.avi,0,2,2,0
5100461061.avi,1,3,0,0
5100461062.avi,1,2,2,0
5100461063.avi,0,2,0,0
5100461064.avi,2,3,2,0
5100461065.avi,0,3,0,0
5100461066.avi,0,3,2,2
5100461067.avi,0,2,1,0
5100461068.avi,1,2,3,0
5100461069.avi,0,3,0,0
5100462001.avi,0,2,0,0
5100462002.avi,0,2,0,0
5100462003.avi,0,1,0,1
5100462005.avi,1,2,3,2
5100462009.avi,0,2,0,0
5100462010.avi,0,3,0,0
5100462011.avi,0,3,0,1
5100462012.avi,0,2,0,0
5100462014.avi,0,3,0,0
5100462015.avi,1,2,1,1
5100462016.avi,0,2,1,1
5100462017.avi,2,2,0,0
5100462018.avi,0,2,1,0
5100462019.avi,0,2,0,0
5100462021.avi,0,3,0,0
5100462022.avi,0,2,0,0
5100462023.avi,0,2,0,1
5100462024.avi,1,2,3,3
5100462025.avi,2,2,0,0
5100462026.avi,0,3,3,0
5100462027.avi,0,2,0,0
5100462028.avi,1,3,0,2
5100462029.avi,0,3,0,0
5100462031.avi,0,2,1,2
5100462032.avi,2,2,2,3
5100462033.avi,2,2,3,3
5100462035.avi,2,3,0,0
5100462037.avi,1,3,2,3
5100462038.avi,0,2,2,0
5100462039.avi,1,2,2,1
5100462040.avi,0,2,0,0
5100462041.avi,1,3,1,1
5100462042.avi,1,2,0,1
5100462043.avi,1,2,1,1
5100462044.avi,0,2,0,0
5100462045.avi,1,2,0,0
5100462046.avi,0,2,0,0
5100462047.avi,2,3,2,1
5100462048.avi,0,2,0,0
5100462050.avi,1,2,2,3
5100462051.avi,2,2,1,1
5100462052.avi,2,2,1,1
5100462053.avi,0,3,0,0
5100462054.avi,0,2,0,0
5100462055.avi,0,3,0,0
5100462057.avi,0,2,3,0
5100462058.avi,1,3,1,0
5100462059.avi,2,2,1,0
5100462061.avi,0,2,2,2
5100462062.avi,0,2,2,0
5100462063.avi,0,3,0,0
5100462064.avi,0,3,0,0
5100462066.avi,1,2,2,3
5100462067.avi,0,2,2,0
5100462068.avi,1,2,1,0
5100462069.avi,0,3,0,0
5100462070.avi,0,3,2,2
5100462071.avi,0,2,2,0
5100462072.avi,0,3,0,0
5100462074.avi,1,2,2,1
5100462075.avi,0,3,2,0
5100462077.avi,0,3,0,0
5100462078.avi,0,2,0,1
5100462079.avi,0,2,0,0
5100462080.avi,1,2,1,1
5100462081.avi,0,2,3,2
5100462082.avi,0,2,0,0
5100471001.avi,2,2,0,2
5100471002.avi,0,3,0,0
5100471003.avi,0,3,0,0
5100471011.avi,1,2,1,1
5100471012.avi,0,2,2,2
5100471013.avi,2,2,0,0
5100471015.avi,2,2,2,0
5100471016.avi,1,3,0,0
5100471018.avi,0,2,2,0
5100471019.avi,1,3,0,0
5100471020.avi,2,2,2,1
5100471021.avi,1,2,1,0
5100471023.avi,1,2,2,0
5100471026.avi,1,3,1,1
5100471027.avi,0,2,2,0
5100471028.avi,1,3,1,1
5100471029.avi,2,2,0,0
5100471030.avi,2,3,1,3
5100471031.avi,2,2,2,3
5100471034.avi,1,2,2,1
5100471037.avi,0,3,1,0
5100471038.avi,0,3,2,0
5100471039.avi,0,3,1,0
5100471041.avi,0,3,1,2
5100471042.avi,1,2,0,1
5100471044.avi,0,2,3,2
5100471045.avi,0,2,2,2
5100471047.avi,0,3,1,2
5100471049.avi,1,2,2,0
5100471050.avi,0,3,0,0
5100471051.avi,2,2,2,2
5100471052.avi,2,2,0,0
5100471054.avi,0,2,0,0
5100471056.avi,2,2,0,0
5100471057.avi,0,3,0,0
5100471058.avi,0,2,1,1
5100471059.avi,0,2,3,2
5100471060.avi,2,2,1,1
5100471062.avi,0,3,2,0
5100471063.avi,0,3,2,0
5100471065.avi,2,2,1,0
5100471068.avi,2,2,0,0
5100471069.avi,0,3,1,0
5100471070.avi,0,2,0,0
5100471072.avi,1,2,1,1
5100471074.avi,2,2,0,0
5100471075.avi,0,2,0,0
5100471080.avi,1,2,1,1
5100471081.avi,1,2,0,0
5100472001.avi,1,1,2,1
5100472002.avi,1,2,2,0
5100472003.avi,1,2,1,1
5100472004.avi,0,3,0,1
5100472005.avi,0,2,1,0
5100472007.avi,0,3,0,0
5100472009.avi,1,3,1,1
5100472010.avi,0,3,0,0
5100472011.avi,1,2,1,1
5100472012.avi,0,2,1,0
5100472014.avi,0,2,0,0
5100472019.avi,1,2,0,0
5100472020.avi,0,3,0,0
5100472021.avi,0,3,0,0
5100472027.avi,0,3,0,0
5100472030.avi,1,2,0,0
5100472031.avi,1,2,2,0
5100472032.avi,0,3,0,0
5100472035.avi,1,2,0,0
5100472039.avi,0,2,0,0
5100472040.avi,0,2,2,1
5100472041.avi,1,3,1,1
5100472042.avi,1,2,2,3
5100472044.avi,2,2,2,1
5100472045.avi,0,3,0,2
5100472047.avi,2,2,0,0
5100472050.avi,2,2,2,0
5100472052.avi,0,3,0,0
5100472053.avi,0,2,1,0
5100472054.avi,0,2,0,0
5100472058.avi,0,1,0,1
5100472060.avi,0,2,0,0
5100472063.avi,2,2,0,0
5100472064.avi,0,2,1,0
826412010.avi,0,3,0,0
8264120110.avi,1,2,0,1
8264120111.avi,1,2,1,1
8264120112.avi,1,2,1,1
8264120113.avi,1,3,2,2
8264120116.avi,2,1,1,1
8264120117.avi,1,3,1,0
8264120119.avi,1,3,0,0
8264120120.avi,2,1,1,0
8264120121.avi,2,2,1,1
8264120122.avi,1,2,1,0
8264120123.avi,1,1,0,2
8264120124.avi,1,2,0,0
8264120125.avi,1,2,1,2
8264120126.avi,2,2,0,0
8264120127.avi,1,1,1,2
826412013.avi,2,1,0,0
8264120131.avi,1,2,1,0
8264120132.avi,2,2,2,2
8264120136.avi,1,2,1,0
8264120139.avi,0,3,0,0
8264120141.avi,2,2,1,3
8264120144.avi,1,3,1,0
8264120145.avi,0,3,0,0
8264120146.avi,1,3,0,0
8264120149.avi,2,2,1,0
8264120150.avi,2,1,1,1
8264120156.avi,2,1,1,1
8264120157.avi,1,2,0,1
8264120159.avi,0,2,1,2
8264120165.avi,3,3,0,0
8264120166.avi,1,3,1,0
8264120169.avi,3,1,0,0
826412017.avi,0,2,0,0
826412018.avi,1,2,1,0
826412019.avi,0,2,0,0
8264120210.avi,1,2,2,0
8264120211.avi,2,1,0,1
8264120213.avi,1,3,1,1
8264120215.avi,1,3,0,2
8264120216.avi,2,3,1,0
8264120218.avi,1,3,0,0
8264120219.avi,2,3,0,1
8264120220.avi,1,2,0,0
8264120221.avi,2,3,0,0
8264120223.avi,1,2,1,1
8264120224.avi,1,3,0,0
8264120227.avi,0,3,1,0
8264120228.avi,2,3,0,0
8264120229.avi,1,2,2,0
826412023.avi,1,3,2,1
8264120231.avi,2,1,1,1
8264120232.avi,1,2,2,1
8264120233.avi,1,3,1,1
8264120234.avi,1,2,2,1
8264120239.avi,1,1,1,1
826412024.avi,0,3,0,0
8264120240.avi,2,0,1,1
8264120241.avi,2,2,0,1
8264120242.avi,1,2,2,1
8264120243.avi,3,1,1,2
8264120245.avi,3,2,1,0
8264120247.avi,2,3,1,0
8264120248.avi,2,2,0,2
8264120249.avi,3,1,0,1
826412025.avi,2,2,1,0
8264120254.avi,2,1,0,0
8264120256.avi,3,1,0,1
8264120257.avi,0,3,0,0
8264120258.avi,3,2,0,0
8264120261.avi,3,1,0,0
8264120262.avi,2,1,2,2
8264120263.avi,2,1,1,1
8264120265.avi,2,1,0,0
8264120266.avi,2,1,1,1
8264120268.avi,2,3,1,1
8264120269.avi,1,1,1,1
826412027.avi,1,2,1,1
8264120274.avi,1,3,1,1
8264120275.avi,0,3,0,0
8264120279.avi,2,1,0,0
8264120280.avi,1,2,2,1
8264120282.avi,2,1,1,0
8264120284.avi,1,1,0,0
88265401100.mp4,1,3,1,0
88265401130.mp4,1,3,1,0
88265401140.mp4,1,3,0,0
88265401150.mp4,0,3,0,0
88265401160.mp4,0,3,0,0
88265401170.mp4,1,2,1,0
88265401190.mp4,0,3,0,0
8826540120.mp4,0,3,0,0
88265401200.mp4,0,2,0,0
88265401240.mp4,0,3,0,0
88265401260.mp4,0,3,2,0
88265401270.mp4,0,3,0,0
88265401280.mp4,0,3,0,0
88265401300.mp4,1,3,2,0
88265401320.mp4,1,3,1,0
88265401350.mp4,0,3,1,0
88265401360.mp4,1,3,1,0
88265401380.mp4,0,3,1,0
88265401390.mp4,1,3,0,0
88265401400.mp4,1,3,1,0
88265401410.mp4,0,3,0,0
88265401420.mp4,1,2,1,1
88265401430.mp4,0,3,0,0
88265401450.mp4,0,3,1,1
88265401470.mp4,1,2,0,1
88265401480.mp4,0,3,2,0
88265401490.mp4,1,3,0,0
8826540150.mp4,0,3,0,0
88265401520.mp4,1,3,0,0
88265401550.mp4,0,3,0,0
88265401630.mp4,1,2,0,1
88265401640.mp4,1,2,0,0
88265401660.mp4,0,3,0,0
88265401690.mp4,1,3,1,1
8826540170.mp4,0,3,1,0
88265401730.mp4,1,3,0,0
88265401740.mp4,1,3,1,0
88265401750.mp4,0,1,0,0
8826540180.mp4,0,3,1,0
88265402120.mp4,0,3,0,0
88265402150.mp4,1,3,0,1
88265402160.mp4,0,2,1,1
88265402170.mp4,0,3,0,0
88265402180.mp4,0,2,0,0
88265402190.mp4,0,3,2,0
88265402200.mp4,0,3,2,1
88265402230.mp4,0,2,2,1
88265402240.mp4,0,2,0,1
88265402270.mp4,1,2,1,1
8826540230.mp4,0,3,2,0
88265402300.mp4,0,3,1,1
88265402310.mp4,0,3,0,0
88265402320.mp4,2,2,0,0
88265402330.mp4,0,3,1,0
88265402340.mp4,1,2,1,0
88265402350.mp4,0,3,1,0
88265402370.mp4,0,3,0,0
88265402380.mp4,1,3,1,0
8826540240.mp4,0,3,2,0
88265402400.mp4,0,2,0,1
88265402420.mp4,1,3,1,0
88265402440.mp4,1,2,0,0
88265402450.mp4,1,3,1,0
88265402480.mp4,0,2,0,0
88265402490.mp4,1,3,0,1
88265402500.mp4,1,3,1,1
88265402520.mp4,0,3,1,0
88265402540.mp4,1,2,0,0
88265402570.mp4,0,2,1,0
88265402580.mp4,0,3,0,0
88265402590.mp4,0,3,1,0
8826540260.mp4,3,2,2,1
88265402600.mp4,1,2,2,1
88265402630.mp4,0,3,0,0
88265402660.mp4,1,3,1,0
88265402690.mp4,0,3,0,0
8826540270.mp4,0,3,0,0
88265402700.mp4,1,3,1,0
88265402770.mp4,0,3,0,0
88265402780.mp4,0,3,2,0
88265402790.mp4,2,2,1,0
8826540280.mp4,1,2,0,0
88265402800.mp4,1,3,1,0
88265402810.mp4,0,3,2,0
88265402820.mp4,1,3,0,0
88265402840.mp4,0,3,2,0
88265402850.mp4,1,3,2,0
88265402880.mp4,1,2,0,0
88265402890.mp4,1,3,1,1
8826540290.mp4,1,3,0,0
88265402900.mp4,0,3,1,1
907001100.mp4,0,3,0,0
9070011010.mp4,0,2,2,1
9070011020.mp4,1,3,1,0
9070011060.mp4,0,3,3,0
9070011090.mp4,1,2,2,1
907001110.mp4,0,3,1,0
9070011110.mp4,1,3,1,0
907001120.mp4,2,2,1,0
907001150.mp4,1,3,0,0
907001160.mp4,1,2,1,0
907001170.mp4,0,3,2,0
907001180.mp4,0,3,0,0
907001210.mp4,0,3,0,0
907001220.mp4,0,3,1,0
907001240.mp4,1,3,0,1
907001270.mp4,1,2,1,0
907001280.mp4,0,3,3,0
907001310.mp4,0,3,1,0
907001340.mp4,0,3,1,1
907001350.mp4,0,3,1,0
907001360.mp4,1,3,0,0
907001370.mp4,1,3,0,0
907001400.mp4,0,3,2,1
907001430.mp4,3,2,1,1
907001450.mp4,1,3,1,1
907001480.mp4,1,1,1,0
907001490.mp4,0,3,0,0
90700150.mp4,1,3,2,1
907001500.mp4,1,3,2,1
907001520.mp4,1,3,0,0
907001550.mp4,0,3,1,0
907001560.mp4,1,2,0,1
907001570.mp4,0,3,0,0
907001580.mp4,0,3,1,0
90700160.mp4,0,3,1,0
907001600.mp4,1,3,0,0
907001620.mp4,0,3,0,0
907001650.mp4,1,2,1,1
907001670.mp4,1,3,0,0
907001680.mp4,1,3,1,0
90700170.mp4,0,3,1,0
907001730.mp4,0,3,0,0
907001740.mp4,0,2,0,1
907001780.mp4,1,3,1,1
907001790.mp4,1,3,1,0
90700180.mp4,1,3,0,2
907001820.mp4,0,3,1,1
907001840.mp4,0,3,0,0
907001850.mp4,1,3,1,1
907001860.mp4,1,3,1,0
90700190.mp4,0,3,0,0
907001910.mp4,1,2,0,0
907001940.mp4,1,3,1,1
907001950.mp4,1,1,1,1
907001970.mp4,0,3,0,0
9289010111.avi,1,2,1,0
9289010112.avi,1,2,1,0
9289010113.avi,1,2,1,3
9289010114.avi,2,1,0,2
9289010115.avi,1,3,0,1
9289010117.avi,0,3,2,0
9289010118.avi,0,3,1,0
9289010119.avi,0,3,0,0
9289010120.avi,1,2,1,0
9289010121.avi,1,2,1,0
9289010127.avi,0,2,0,0
928901013.avi,1,3,0,0
9289010131.avi,0,2,1,2
9289010132.avi,1,2,1,0
9289010133.avi,0,3,0,0
9289010134.avi,1,3,2,0
9289010138.avi,1,2,1,0
9289010139.avi,1,2,1,1
928901014.avi,0,1,0,1
9289010143.avi,1,2,1,0
9289010144.avi,1,2,1,0
9289010145.avi,1,1,0,0
9289010147.avi,0,2,1,0
9289010149.avi,1,3,0,0
9289010150.avi,0,3,1,0
9289010151.avi,2,3,0,0
9289010152.avi,3,1,0,1
9289010153.avi,1,2,1,1
9289010154.avi,1,2,1,1
9289010155.avi,0,3,1,0
9289010157.avi,1,3,0,0
9289010158.avi,0,3,0,0
928901016.avi,2,2,1,1
9289010160.avi,0,3,0,0
9289010161.avi,1,2,1,0
9289010163.avi,0,3,0,0
9289010166.avi,1,2,0,0
9289010167.avi,1,3,2,0
928901018.avi,0,3,0,0
9289010210.avi,0,3,0,0
9289010211.avi,1,2,1,0
9289010216.avi,1,3,0,0
9289010221.avi,1,3,1,0
9289010222.avi,0,3,0,0
9289010223.avi,0,3,1,0
9289010227.avi,1,3,0,0
9289010229.avi,0,3,0,0
928901023.avi,1,3,2,1
9289010230.avi,0,3,0,0
9289010231.avi,1,2,1,1
9289010232.avi,0,3,0,0
9289010233.avi,0,3,1,0
9289010235.avi,1,3,0,0
9289010242.avi,0,3,0,0
9289010243.avi,0,3,0,0
9289010244.avi,0,3,0,0
9289010245.avi,1,3,0,0
9289010248.avi,1,3,1,1
9289010249.avi,0,3,0,0
928901025.avi,0,3,0,0
9289010250.avi,1,2,1,1
9289010251.avi,0,3,0,0
9289010253.avi,0,3,0,0
9289010254.avi,1,2,1,0
9289010257.avi,0,3,0,0
9289010259.avi,0,3,1,0
928901026.avi,0,3,1,0
9289010261.avi,0,3,0,0
9289010262.avi,1,3,1,0
9289010263.avi,3,2,2,1
9289010265.avi,0,3,0,0
9289010266.avi,0,3,0,0
9289010267.avi,0,3,0,0
9289010268.avi,0,3,0,0
9289010269.avi,0,3,0,0
9289010270.avi,0,3,0,0
9289010271.avi,2,2,1,1
9289010273.avi,1,3,1,0
9289010274.avi,1,3,0,0
9289010275.avi,1,3,0,0
9289010276.avi,2,1,1,1
9289010278.avi,3,3,1,1
928901028.avi,1,3,1,1
928901029.avi,1,3,1,0
940328011.avi,0,3,0,0
9403280110.avi,0,3,0,0
9403280112.avi,0,3,0,0
9403280114.avi,2,3,1,0
9403280115.avi,1,2,1,1
9403280116.avi,1,3,0,0
9403280117.avi,0,3,0,0
940328012.avi,0,3,0,0
9403280126.avi,0,3,0,0
9403280129.avi,1,3,0,0
9403280132.avi,1,3,1,0
9403280134.avi,1,2,2,1
9403280136.avi,0,3,0,0
9403280138.avi,1,2,1,0
940328014.avi,0,3,0,0
9403280140.avi,0,2,2,0
9403280143.avi,1,2,0,1
9403280145.avi,1,2,0,1
9403280146.avi,2,2,0,0
9403280147.avi,1,3,0,0
9403280149.avi,1,3,0,1
9403280150.avi,0,3,0,0
9403280151.avi,1,2,0,0
9403280152.avi,0,2,1,1
9403280155.avi,0,3,0,0
9403280156.avi,1,3,0,0
9403280157.avi,1,2,1,0
9403280159.avi,0,3,0,0
940328016.avi,0,3,0,0
9403280164.avi,1,3,1,0
9403280165.avi,3,2,1,0
9403280167.avi,1,3,0,0
940328017.avi,0,3,0,0
940328018.avi,0,3,3,0
9403280212.avi,1,3,0,0
9403280213.avi,1,2,0,0
9403280217.avi,0,2,1,0
9403280218.avi,0,2,0,0
9403280219.avi,1,2,0,0
940328022.avi,0,3,0,0
9403280227.avi,0,2,1,0
9403280229.avi,0,3,0,0
9403280234.avi,1,3,0,0
9403280235.avi,1,2,0,0
9403280236.avi,1,2,0,0
9403280238.avi,0,2,0,2
9403280241.avi,0,3,0,0
9403280243.avi,0,3,0,0
9403280245.avi,0,3,1,1
9403280246.avi,0,3,0,0
9403280247.avi,0,2,1,0
9403280249.avi,0,3,0,1
9403280250.avi,1,2,0,1
9403280251.avi,1,2,1,0
9403280254.avi,1,3,0,0
9403280255.avi,0,3,0,0
9403280256.avi,0,3,0,0
9403280259.avi,0,3,0,0
9403280260.avi,0,3,0,0
9403280262.avi,0,3,0,0
9403280265.avi,0,3,0,0
9403280266.avi,1,3,0,0
9403280271.avi,1,1,0,0
9403280272.avi,0,3,0,0
9403280273.avi,1,2,1,0
9403280277.avi,1,3,0,0
9403280279.avi,0,3,0,0
9877360111.avi,0,3,0,1
9877360113.avi,1,2,1,0
9877360114.avi,1,3,1,1
9877360115.avi,1,3,1,0
9877360116.avi,0,2,1,1
9877360117.avi,0,2,0,1
9877360120.avi,1,1,1,1
9877360121.avi,1,2,0,0
9877360124.avi,1,3,1,1
9877360125.avi,0,3,0,1
9877360126.avi,1,3,1,0
9877360127.avi,1,2,0,0
9877360128.avi,1,3,1,0
9877360130.avi,1,2,0,0
9877360131.avi,2,3,0,0
9877360132.avi,1,2,0,1
9877360133.avi,1,0,1,0
9877360134.avi,1,3,0,0
9877360135.avi,1,2,1,1
9877360138.avi,1,2,1,1
987736014.avi,0,3,0,0
9877360140.avi,0,3,1,0
9877360141.avi,1,3,1,1
9877360143.avi,0,3,0,0
9877360147.avi,1,3,3,0
9877360149.avi,1,3,1,1
987736015.avi,1,2,3,0
9877360151.avi,1,3,1,0
9877360152.avi,0,3,3,3
9877360154.avi,2,2,0,1
9877360156.avi,0,3,0,0
9877360157.avi,1,1,0,1
9877360158.avi,1,3,0,0
9877360159.avi,1,3,0,0
987736016.avi,1,3,0,1
9877360163.avi,0,2,1,1
9877360164.avi,1,3,0,0
9877360165.avi,0,3,0,0
9877360166.avi,1,3,0,2
9877360168.avi,1,3,1,1
9877360169.avi,0,1,0,0
987736017.avi,1,2,0,0
9877360170.avi,1,3,1,1
9877360172.avi,2,1,2,0
9877360173.avi,1,2,0,0
9877360174.avi,1,3,0,1
9877360175.avi,1,2,1,1
9877360177.avi,1,3,0,0
987736018.avi,1,2,1,0
9877360180.avi,0,3,0,0
9877360181.avi,0,3,0,0
9877360182.avi,1,2,0,0
9877360183.avi,1,3,1,1
9877360184.avi,1,3,1,1
9877360185.avi,1,2,0,0
9877360210.avi,1,3,1,0
9877360212.avi,0,3,0,0
9877360213.avi,0,2,0,0
9877360215.avi,1,3,2,0
9877360217.avi,0,2,0,0
987736022.avi,1,2,1,1
9877360221.avi,1,3,1,0
9877360223.avi,1,3,2,1
9877360225.avi,1,3,0,0
9877360226.avi,1,3,1,0
9877360227.avi,1,3,0,0
9877360228.avi,1,2,1,1
9877360229.avi,1,2,0,0
9877360231.avi,1,3,1,1
9877360232.avi,0,3,0,0
9877360234.avi,1,3,0,0
9877360238.avi,1,3,0,0
9877360239.avi,1,3,1,1
987736024.avi,3,2,1,0
9877360240.avi,1,3,1,1
9877360241.avi,0,3,1,1
9877360242.avi,1,2,1,1
9877360247.avi,1,3,0,0
9877360248.avi,1,3,0,0
987736025.avi,0,3,0,0
9877360250.avi,0,2,1,0
9877360252.avi,1,2,0,0
9877360253.avi,0,3,0,0
9877360254.avi,0,3,0,0
9877360256.avi,3,1,0,0
9877360258.avi,0,2,1,1
9877360259.avi,0,2,0,1
9877360261.avi,1,3,1,0
9877360262.avi,0,3,0,0
9877360264.avi,1,3,0,0
987736027.avi,0,3,0,0
9877360270.avi,1,1,1,0
9877360271.avi,1,2,2,2
9877360273.avi,0,3,0,0
9877360279.avi,1,2,1,2
987736028.avi,0,2,1,1
9877360281.avi,0,3,0,0
987736029.avi,0,3,0,0
998826011.avi,0,3,0,0
9988260112.avi,0,3,0,0
9988260115.avi,0,3,0,0
9988260119.avi,1,2,0,0
