ClipID;0=EngBor//1=C+F
1100011002;0
1100011003;0
1100011004;0
1100011005;0
1100011006;0
1100011007;0
1100011008;0
1100011009;1
1100011010;0
1100011011;0
1100011012;1
1100011013;0
1100011014;0
1100011015;0
1100011016;0
1100011017;0
1100011018;0
1100011019;0
1100011020;0
1100011021;0
1100011022;0
1100011023;0
1100011025;0
1100011026;0
1100011027;0
1100011028;0
1100011029;0
1100011031;0
1100011032;0
1100011034;0
1100011035;0
1100011037;0
1100011038;0
1100011040;0
1100011046;0
1100011047;0
1100011048;1
1100011049;0
1100011050;0
1100011051;1
1100011052;1
1100011053;0
1100011054;0
1100011055;0
1100011056;0
1100011057;0
1100011058;0
1100011059;1
1100011060;1
1100011062;0
1100011063;0
1100011064;0
1100011066;0
1100011067;0
1100011068;0
1100011069;0
1100011070;0
1100011071;0
1100011072;0
1100011073;0
1100011075;0
1100011076;0
1100011078;0
1100011079;0
1100011080;0
1100011081;0
1100011082;0
1100011083;0
1100012001;0
1100012003;0
1100012007;1
1100012008;0
1100012009;0
1100012010;1
1100012011;1
1100012013;0
1100012014;0
1100012015;0
1100012016;0
1100012017;1
1100012018;0
1100012021;0
1100012022;0
1100012023;0
1100012025;0
1100012026;0
1100012027;0
1100012028;0
1100012030;0
1100012031;0
1100012032;0
1100012033;0
1100012036;0
1100012037;0
1100012038;0
1100012041;0
1100012042;0
1100012045;0
1100012046;0
1100012047;0
1100012049;0
1100012050;0
1100012051;1
1100012052;0
1100012057;1
1100012059;0
1100012060;0
1100012061;0
1100012062;0
1100012063;0
1100012064;0
1100012065;1
1100012066;0
1100012069;0
1100021001;0
1100021003;0
1100021015;1
1100021038;0
1100021039;1
1100021040;0
1100021045;1
1100021050;1
1100021055;0
1100022001;1
1100022002;0
1100022003;1
1100022004;1
1100022005;0
1100022008;1
1100022009;0
1100022014;1
1100022019;1
1100022020;0
1100022021;1
1100022022;1
1100022026;0
1100022027;1
1100022028;0
1100022029;0
1100022031;1
1100022035;1
1100022038;1
1100022039;1
1100022045;0
1100022046;0
1100022047;1
1100022048;1
1100022049;1
1100022051;1
1100022052;1
1100022053;1
1100022054;0
1100022055;0
1100022056;0
1100022057;0
1100041006;0
1100041015;0
1100041016;0
1100041017;1
1100041018;0
1100041021;0
1100041022;0
1100041023;1
1100041024;0
1100041029;0
1100041034;0
1100041044;0
1100041051;0
1100041052;0
1100042009;1
1100042010;0
1100042011;1
1100042017;0
1100042018;0
1100042019;0
1100042020;0
1100042023;1
1100042024;1
1100042025;0
1100042026;1
1100042029;1
1100042030;1
1100042031;1
1100042034;0
1100042040;0
1100042041;0
1100042058;1
1100042059;1
1100042060;0
1100051002;0
1100051004;1
1100051006;1
1100051007;1
1100051008;1
1100051009;0
1100051011;0
1100051012;0
1100051013;0
1100051014;0
1100051016;1
1100051017;1
1100051019;1
1100051020;1
1100051021;1
1100051022;0
1100051023;0
1100051024;1
1100051025;1
1100051026;1
1100051028;0
1100051029;0
1100051030;0
1100051031;0
1100051032;1
1100051033;0
1100051034;1
1100051035;1
1100051036;1
1100051037;1
1100051039;1
1100051041;0
1100051042;1
1100051044;0
1100051045;1
1100051046;0
1100051048;0
1100051049;0
1100051050;0
1100051051;0
1100051052;1
1100051053;0
1100051054;0
1100051055;1
1100051056;1
1100051057;1
1100051059;1
1100051061;0
1100051062;1
1100051064;0
1100051065;0
1100051066;1
1100051067;1
1100051068;1
1100051071;0
1100051076;0
1100051078;1
1100051079;0
1100052001;1
1100052002;1
1100052006;0
1100052007;1
1100052008;0
1100052009;0
1100052014;0
1100052023;1
1100052024;0
1100052026;0
1100052027;0
1100052028;0
1100052030;1
1100052031;0
1100052032;1
1100052033;0
1100052035;0
1100052036;1
1100052037;0
1100052038;0
1100052039;0
1100052040;1
1100052041;0
1100052047;0
1100052048;0
1100052049;0
1100052051;1
1100052055;0
1100052057;0
1100052060;0
1100052061;1
1100052062;1
1100052065;0
1100052068;1
1100052070;1
1100061009;0
1100061010;0
1100061011;0
1100061012;0
1100061013;0
1100061015;0
1100061016;0
1100061018;0
1100061019;0
1100061022;0
1100061023;0
1100061025;0
1100061027;0
1100061028;0
1100061030;0
1100061031;0
1100061032;0
1100061033;0
1100061034;0
1100061035;0
1100061036;0
1100061038;0
1100061039;0
1100061040;0
1100061042;0
1100061043;0
1100061044;0
1100061046;0
1100061047;0
1100061048;0
1100061049;0
1100061050;0
1100061051;0
1100061053;1
1100061057;0
1100061058;0
1100061061;0
1100061063;1
1100061064;0
1100061067;0
1100061068;0
1100061069;0
1100061073;0
1100061074;0
1100061077;0
1100061078;0
1100062004;0
1100062005;1
1100062007;1
1100062008;1
1100062009;0
1100062016;0
1100062017;0
1100062024;0
1100062028;1
1100062029;1
1100062036;0
1100062037;0
1100062044;0
1100062045;1
1100062046;0
1100062049;1
1100062051;0
1100062053;0
1100062054;1
1100062059;1
1100062060;0
1100062061;0
1100062062;0
1100062063;0
1100062064;0
1100062065;0
1100062066;0
1100062067;0
1100062068;1
1100062069;0
1100062070;0
1100062071;1
1100062072;1
1100071005;0
1100071006;0
1100071007;0
1100071008;0
1100071009;0
1100071010;0
1100071011;0
1100071012;0
1100071013;0
1100071014;0
1100071015;1
1100071016;0
1100071017;1
1100071018;0
1100071019;0
1100071020;0
1100071021;0
1100071022;0
1100071023;0
1100071024;0
1100071026;1
1100071027;0
1100071028;0
1100071029;0
1100071030;0
1100071031;1
1100071032;1
1100071033;0
1100071034;1
1100071035;0
1100071036;0
1100071037;0
1100071040;0
1100071041;0
1100071042;1
1100071043;1
1100071044;1
1100071045;0
1100071046;0
1100071047;0
1100071049;0
1100071050;0
1100071052;0
1100071054;0
1100071055;1
1100071056;1
1100071057;0
1100071058;0
1100071059;1
1100071060;1
1100071061;0
1100071062;0
1100071063;0
1100071064;0
1100071065;0
1100071066;0
1100071067;1
1100071069;1
1100071070;0
1100071071;0
1100071072;0
1100071073;0
1100071074;0
1100071075;0
1100071076;0
1100071077;1
1100071078;0
1100071079;0
1100071080;0
1100071081;0
1100072001;0
1100072002;0
1100072003;0
1100072004;0
1100072006;0
1100072007;0
1100072008;0
1100072009;0
1100072010;0
1100072011;0
1100072012;0
1100072013;0
1100072014;0
1100072015;1
1100072016;0
1100072021;0
1100072022;0
1100072023;0
1100072024;0
1100072027;0
1100072028;0
1100072029;0
1100072030;0
1100072031;0
1100072032;0
1100072033;0
1100072034;0
1100072036;0
1100072037;0
1100072038;1
1100072039;1
1100072040;0
1100072042;0
1100072043;1
1100072045;0
1100072047;0
1100072048;0
1100072049;0
1100072050;0
1100072051;0
1100072052;0
1100072053;0
1100072054;0
1100072056;1
1100072057;0
1100072058;0
1100072059;0
1100072060;0
1100072061;0
1100072062;0
1100072063;0
1100072065;1
1100072066;1
1100072067;0
1100072068;0
1100072069;0
1100072070;0
1100072071;1
1100072072;0
1100072073;0
1100072074;0
1100072075;0
1100072076;0
1100072077;0
1100072078;0
1100072079;1
1100072080;0
1100072081;0
1100072082;0
1100072083;0
1100072084;0
1100072085;0
1100081044;1
1100081045;0
1100081046;1
1100081047;0
1100081048;1
1100082002;0
1100082003;0
1100082018;1
1100082027;1
1100102003;1
1100111001;0
1100111002;0
1100111003;1
1100111008;0
1100111009;0
1100111010;0
1100111011;0
1100111012;0
1100111013;1
1100111014;1
1100111016;0
1100111017;0
1100111018;0
1100111019;0
1100111021;0
1100111023;0
1100111025;0
1100111026;0
1100111027;1
1100111029;1
1100111030;0
1100111032;0
1100112001;0
1100112002;0
1100112003;0
1100112004;0
1100112006;0
1100112007;0
1100112008;0
1100112009;0
1100112010;0
1100112011;1
1100112012;0
1100112013;0
1100112014;0
1100112015;0
1100112016;0
1100112017;0
1100112018;0
1100112021;1
1100112022;0
1100112024;0
1100112025;0
1100112026;0
1100112029;0
1100112030;0
1100112033;0
1100112035;0
1100112036;0
1100112037;0
1100112038;0
1100112039;0
1100112040;0
1100112041;0
1100112042;0
1100112043;0
1100112044;0
1100112045;1
1100112047;0
1100112048;0
1100112051;0
1100112052;0
1100112053;0
1100112056;0
1100112057;0
1100112058;0
1100112059;0
1100112060;0
1100112061;0
1100112062;1
1100112063;1
1100112064;0
1100112065;1
1100112066;0
1100112068;0
1100121002;0
1100121003;0
1100121004;0
1100121005;0
1100121006;0
1100121007;0
1100121008;0
1100121009;0
1100121010;0
1100121011;0
1100121012;0
1100121015;0
1100121016;1
1100121017;0
1100121018;1
1100121019;1
1100121020;0
1100121024;0
1100121025;1
1100121028;0
1100121031;0
1100121032;0
1100121033;1
1100121034;0
1100121035;0
1100121036;0
1100121038;1
1100121040;0
1100121041;1
1100121042;0
1100121044;0
1100121045;0
1100121047;0
1100121049;0
1100121050;1
1100121052;1
1100121053;0
1100121054;0
1100121056;0
1100121057;0
1100121059;1
1100121060;0
1100121061;1
1100121064;0
1100122001;0
1100122002;0
1100122003;0
1100122005;0
1100122006;0
1100122007;0
1100122008;1
1100122009;0
1100122010;0
1100122011;0
1100122012;0
1100122013;1
1100122014;0
1100122015;0
1100122017;0
1100122018;0
1100122019;0
1100122020;0
1100122021;0
1100122023;0
1100122024;1
1100122025;0
1100122026;0
1100122031;0
1100122032;0
1100122033;0
1100122034;0
1100122035;1
1100122036;0
1100122037;0
1100122038;0
1100122039;0
1100122040;0
1100122041;0
1100122045;0
1100122047;1
1100122048;1
1100122050;0
1100122051;0
1100122052;0
1100122053;0
1100122054;0
1100122056;1
1100131006;0
1100131007;0
1100131009;0
1100131010;0
1100131011;0
1100131012;0
1100131017;0
1100131019;0
1100141001;0
1100141002;1
1100141003;0
1100141004;0
1100141005;0
1100141006;1
1100141007;0
1100141008;0
1100141009;0
1100141010;0
1100141011;1
1100141012;1
1100141013;1
1100141014;1
1100141015;0
1100141016;0
1100141017;1
1100141019;1
1100141020;1
1100141021;1
1100141023;0
1100141027;1
1100141028;1
1100141029;0
1100141030;1
1100141031;1
1100141032;1
1100141033;1
1100141034;1
1100141035;1
1100141036;1
1100141039;1
1100141040;1
1100141042;1
1100141044;0
1100141045;1
1100141046;0
1100141049;1
1100141050;1
1100141052;0
1100141053;1
1100141054;0
1100141055;0
1100141056;1
1100141057;1
1100142002;0
1100142003;1
1100142004;1
1100142007;0
1100142008;0
1100142009;1
1100142010;0
1100142011;1
1100142013;0
1100142014;0
1100142015;0
1100142017;0
1100142018;1
1100142019;1
1100142021;1
1100142022;1
1100142023;1
1100142024;1
1100142027;0
1100142028;1
1100142029;0
1100142030;0
1100142031;0
1100142032;0
1100142033;0
1100142034;0
1100142035;0
1100142038;0
1100142041;0
1100142043;1
1100142044;0
1100142045;0
1100142046;0
1100142048;0
1100142049;0
1100142050;0
1100142051;1
1100142052;1
1100142053;0
1100142056;0
1100142057;0
1100142058;0
1100142059;1
1100142060;1
1100151003;0
1100151004;0
1100151008;1
1100151009;1
1100151010;0
1100151011;1
1100151012;1
1100151013;0
1100151014;0
1100151015;0
1100151016;1
1100151017;0
1100151018;1
1100151019;0
1100151020;1
1100151021;0
1100151022;1
1100151023;1
1100151024;1
1100151028;1
1100151030;0
1100151032;0
1100151033;0
1100151035;1
1100151037;0
1100151038;0
1100151039;0
1100151040;0
1100151042;0
1100151043;1
1100151044;0
1100151047;0
1100151049;0
1100151050;1
1100151051;1
1100151052;0
1100151054;0
1100151055;0
1100151056;0
1100151057;0
1100151058;0
1100151062;0
1100152001;0
1100152004;0
1100152005;0
1100152006;0
1100152008;0
1100152009;0
1100152010;0
1100152013;0
1100152014;1
1100152015;0
1100152017;1
1100152019;0
1100152020;0
1100152022;1
1100152024;0
1100152025;0
1100152026;0
1100152027;0
1100152031;0
1100152032;0
1100152039;1
1100152040;0
1100152041;1
1100152042;0
1100152043;1
1100152048;0
1100152049;1
1100152050;1
1100152051;1
1100152055;0
1100152056;0
1100152061;1
1100152062;0
1100152067;0
1100152069;0
1100152070;1
1100161002;1
1100161004;0
1100161011;0
1100161012;1
1100161013;0
1100161014;0
1100161015;0
1100161016;0
1100161020;0
1100161021;0
1100161022;0
1100161023;1
1100161028;0
1100161029;0
1100161032;1
1100161035;0
1100161036;0
1100161038;1
1100161039;0
1100161041;0
1100161043;1
1100161044;1
1100161045;1
1100161046;0
1100161048;0
1100161050;0
1100161053;0
1100162005;1
1100162007;0
1100162011;0
1100162016;0
1100171001;1
1100171002;0
1100171004;0
1100171005;0
1100171007;0
1100171008;0
1100171009;1
1100171010;1
1100171011;0
1100171012;0
1100171013;0
1100171015;0
1100171016;1
1100171017;0
1100171019;1
1100171021;1
1100171022;1
1100171023;0
1100171031;1
1100171035;1
1100171036;0
1100171038;1
1100171039;0
1100171040;1
1100171041;1
1100171043;1
1100171045;0
1100171049;1
1100171055;0
1100171056;1
1100171057;0
1100171059;0
1100171061;1
1100171063;0
1100171064;0
1100171065;0
1100171067;0
1100171069;1
1100171070;0
1100171071;1
1100171072;0
1100171073;0
1100171074;0
1100171075;0
1100171076;1
1100171077;0
1100171078;1
1100171080;0
1100171083;0
1100172003;0
1100172004;1
1100172007;1
1100172012;0
1100172013;0
1100172014;0
1100172015;1
1100172016;1
1100172017;0
1100172018;1
1100172020;0
1100172021;0
1100172022;0
1100172026;0
1100172028;0
1100172030;0
1100172032;0
1100172033;0
1100172034;1
1100172035;0
1100172037;0
1100172039;0
1100172042;0
1100172043;0
1100172047;1
1100172050;0
1100172058;1
1100172063;1
1100172066;1
1100411010;0
1100411011;0
1100411012;0
1100411013;0
1100411015;0
1100411016;0
1100411018;0
1100411020;0
1100411023;0
1100411036;1
1100411041;1
1100411045;0
1100411047;1
1100411048;0
1100411049;0
1100411050;1
1100411051;1
1100411053;1
1100411054;0
1100411055;1
1100411057;1
1100412001;1
1100412003;1
1100412010;0
1100412018;0
1100412033;0
1100412038;0
1100412039;1
1100412040;1
1110031003;1
1110031007;1
1110031010;1
1110031011;1
1110031012;1
1110031014;1
1110031019;1
1110031020;1
1110031021;1
1110031025;1
1110031027;1
1110031031;1
1110031033;1
1110031037;1
1110031038;1
1110031039;1
1110031040;0
1110031042;1
1110031048;1
1110031049;1
1110031050;1
1110031056;1
1110031061;1
1110031062;1
1110031063;1
1110031064;0
1110031065;0
1110032002;1
1110032004;1
1110032006;1
1110032008;1
1110032010;1
1110032014;1
1110032015;1
1110032018;1
1110032019;1
1110032020;0
1110032021;1
1110032022;1
1110032023;1
1110032024;1
1110032025;1
1110032027;1
1110032029;1
1110032031;1
1110032032;0
1110032033;0
1110032034;1
1110032036;1
1110032037;1
1110032042;1
1110032043;1
1110032045;1
1110032047;1
1110032048;1
1110032049;1
1110032050;1
1110032051;1
1110032052;1
1110032053;1
1110032055;1
1110032056;1
1110032058;0
1110032059;1
1110032060;1
1110032061;1
1110032062;1
1110032063;1
1813740111;0
1813740112;1
1813740115;1
1813740116;1
1813740118;0
1813740119;0
1813740122;1
1813740123;0
1813740124;0
1813740126;0
1813740127;1
1813740128;1
1813740131;0
1813740133;1
1813740135;1
1813740137;0
1813740138;1
1813740143;1
1813740144;1
1813740149;0
181374015;0
1813740150;1
1813740153;1
1813740155;1
1813740157;1
1813740159;1
181374016;0
1813740162;0
1813740164;0
1813740165;1
1813740167;1
1813740168;0
1813740169;1
181374017;1
1813740171;1
1813740172;1
1813740173;1
1813740174;0
1813740176;1
1813740178;1
1813740179;1
1813740180;1
1813740181;0
1813740182;0
1813740183;0
1813740184;1
1813740185;1
181374019;0
1813740210;0
1813740211;1
1813740212;1
1813740213;1
1813740214;1
1813740218;1
1813740219;1
1813740220;0
1813740221;1
1813740224;1
1813740225;0
1813740226;1
1813740227;0
1813740229;1
181374023;1
1813740231;1
1813740232;1
1813740233;1
1813740234;0
1813740235;1
1813740236;0
1813740237;0
1813740238;0
181374024;1
1813740240;0
1813740241;0
1813740242;0
1813740243;0
1813740245;0
1813740249;0
181374025;0
1813740250;1
1813740251;0
1813740252;0
1813740253;1
1813740255;0
1813740256;0
1813740257;1
1813740258;0
1813740259;0
181374026;1
1813740260;0
1813740261;0
1813740262;0
1813740263;1
1813740264;0
1813740265;1
1813740266;0
1813740267;0
1813740268;1
1813740269;0
181374027;1
1813740270;1
1813740271;1
1813740272;0
1813740273;0
1813740274;0
1813740275;0
1813740276;0
1813740277;0
1813740278;1
1813740279;0
181374028;0
181374029;0
2000481035;0
2000481036;0
2000481037;1
2000481038;0
2000481039;1
2000481040;1
2000481041;0
2000481043;0
2000481048;0
2000482008;0
2000482009;0
2000482012;0
2000482018;1
2000482021;0
2000482034;0
2000482037;0
2000482038;0
2000482039;0
2000482041;0
2000482042;1
2000482043;0
2000482044;0
2000482049;0
2000482050;0
2000482052;1
2000482059;1
2000482065;0
2000482066;0
2000482067;0
2000482068;1
2000482070;0
2000491062;0
2000491064;0
2000491065;1
2000491066;0
2000491067;1
2000491068;0
2000491070;0
2000491072;0
2000491074;0
2000491075;0
2000491076;0
2000491077;0
2000491078;1
2000491079;0
2000501001;1
2000501002;1
2000501003;1
2000501004;0
2000501006;0
2000501009;0
2000501010;1
2000501011;0
2000501012;1
2000501014;1
2000501015;1
2000501016;1
2000501018;0
2000501019;0
2000501020;0
2000501021;0
2000501023;1
2000501027;1
2000501028;1
2000501030;1
2000501031;0
2000501032;0
2000501033;0
2000501035;1
2000501036;0
2000501037;0
2000501038;0
2000501039;0
2000501040;1
2000501041;0
2000501042;1
2000501043;1
2000501044;1
2000501045;0
2000501046;1
2000501049;0
2000501050;0
2000501051;0
2000501052;1
2000501053;0
2000501054;0
2000501056;0
2000501057;0
2000501060;1
2000501061;0
2000501062;1
2000501063;1
2000501065;0
2000501066;0
2000501067;1
2000501071;0
2000501074;1
2000501075;0
2000501076;0
2000501078;0
2000502002;0
2000502005;0
2000502006;0
2000502007;0
2000502009;1
2000502010;1
2000502012;0
2000502013;0
2000502014;0
2000502015;0
2000502019;0
2000502020;1
2000502023;0
2000502025;0
2000502033;1
2000502036;0
2000502037;1
2000502039;1
2000502040;0
2000502041;0
2000502043;0
2000502044;0
2000502045;0
2000502047;0
2000502048;1
2000502049;0
2000502050;0
2000502051;0
2000502053;0
2000502054;1
2000502055;0
2000502056;0
2000502057;1
2000502058;0
2000502059;1
2000502061;0
2000502062;1
2000502063;0
2000502065;0
2000502066;0
2000502067;0
2000502069;1
2000502070;0
2000502072;1
2000502073;0
2000502075;0
2000502076;0
2000502077;1
2000502078;0
2000502081;0
2000502084;0
2000502087;0
2000502088;0
2000502090;1
2000541001;0
2000541002;0
2000541003;0
2000541006;0
2000541007;0
2000541010;0
2000541011;1
2000541014;0
2000541015;0
2000541016;0
2000541018;0
2000541019;1
2000541020;0
2000541021;1
2000541022;0
2000541023;0
2000541024;0
2000541025;0
2000541027;1
2000541028;0
2000541029;1
2000541030;0
2000541031;0
2000541032;1
2000541034;1
2000541035;1
2000541038;0
2000541039;0
2000541040;0
2000541041;1
2000541043;0
2000541044;0
2000541045;0
2000541046;0
2000541049;0
2000541050;0
2000541051;0
2000541052;0
2000541053;0
2000541054;0
2000541055;1
2000541056;1
2000541057;1
2000541059;1
2000541062;0
2000541064;1
2000541066;1
2000541067;1
2000541068;0
2000541069;0
2000541070;0
2000541071;1
2000541072;0
2000541073;1
2000541074;0
2000541075;1
2000541076;0
2000541077;0
2000541079;0
2000541080;1
2000541081;1
2000542001;1
2000542002;0
2000542007;0
2000542008;0
2000542009;0
2000542010;0
2000542013;0
2000542015;0
2000542016;0
2000542021;1
2000542022;1
2000542025;1
2000542026;0
2000542027;0
2000542029;0
2000542030;0
2000542032;1
2000542033;0
2000542034;1
2000542035;0
2000542036;1
2000542042;0
2000542049;0
2000542050;0
2000542051;0
2000542052;0
2000542054;0
2000542056;1
2026140111;1
2026140113;1
2026140116;0
2026140117;0
2026140118;1
2026140119;0
2026140120;1
2026140122;0
2026140124;0
2026140125;0
2026140126;1
2026140128;1
2026140129;1
2026140130;1
2026140131;1
2026140133;0
2026140134;0
2026140135;1
2026140138;0
2026140141;0
2026140145;1
2026140147;1
2026140149;1
202614015;1
2026140151;0
2026140154;0
2026140158;1
2026140159;0
202614016;1
2026140160;0
2026140161;1
2026140165;0
2026140169;0
202614017;1
2026140170;1
2026140172;1
202614018;0
202614019;0
202614020;1
202614021;1
2026140210;0
2026140212;0
2026140213;0
2026140220;1
2026140221;1
2026140223;1
2026140224;0
2026140225;1
202614023;1
2026140230;1
2026140233;1
2026140236;0
2026140237;1
2026140239;1
2026140241;1
2026140243;0
2026140246;0
2026140247;0
2026140249;0
202614025;1
2026140250;1
2026140253;1
2026140254;0
2026140255;1
2026140257;0
2026140259;1
2026140260;1
2026140263;1
2026140264;1
2026140272;1
2026140273;1
2026140275;1
2026140276;0
2026140277;1
2026140279;0
2026140281;0
202614029;1
205601011;0
2056010112;0
2056010113;0
2056010114;1
2056010116;1
2056010118;1
2056010119;1
205601012;1
2056010120;0
2056010122;0
2056010123;0
2056010124;1
2056010126;0
2056010130;1
2056010133;0
2056010134;1
2056010136;1
2056010137;0
2056010139;1
2056010141;0
2056010142;1
2056010148;1
2056010149;1
2056010153;1
2056010155;1
2056010156;1
2056010157;1
205601016;0
2056010160;1
2056010162;1
2056010164;1
2056010165;1
2056010167;1
205601017;1
205601018;1
2056010210;1
2056010212;1
2056010213;1
2056010214;1
2056010215;1
2056010218;1
2056010219;1
2056010222;1
2056010224;1
2056010225;0
2056010226;1
2056010228;1
2056010229;1
2056010230;1
2056010232;1
2056010233;0
2056010234;1
2056010235;1
2056010236;1
2056010238;1
2056010239;1
205601024;1
2056010240;1
2056010241;0
2056010242;1
2056010244;0
2056010245;1
2056010247;1
2056010249;1
205601025;1
2056010250;1
2056010252;1
2056010253;0
2056010254;1
2056010255;1
2056010258;1
2056010260;1
2056010261;1
2056010262;1
2056010263;1
2056010265;1
2056010267;1
2056010269;1
205601027;1
2056010272;1
2056010274;1
2056010275;1
2056010276;1
2056010277;1
2056010279;1
205601028;0
2056010281;1
2056010283;1
2100511002;0
2100511003;0
2100511005;1
2100511008;0
2100511011;1
2100511012;1
2100511013;0
2100511015;0
2100511016;0
2100511018;0
2100511019;0
2100511024;0
2100511026;0
2100511027;1
2100511028;0
2100511031;0
2100511032;1
2100511034;1
2100511035;1
2100511036;1
2100511038;1
2100511039;0
2100511040;0
2100511044;1
2100511048;0
2100511057;0
2100511058;0
2100511059;1
2100511060;1
2100511061;0
2100511062;0
2100511063;0
2100511064;0
2100511065;0
2100511067;0
2100511069;1
2100511070;0
2100511071;0
2100511072;0
2100511073;1
2100511074;1
2100511076;1
2100511077;0
2100511078;0
2100511079;0
2100511080;0
2100511081;0
2100511082;0
2100512001;0
2100512002;0
2100512003;1
2100512006;1
2100512007;1
2100512009;1
2100512010;0
2100512011;0
2100512012;0
2100512014;0
2100512015;0
2100512016;0
2100512017;0
2100512018;1
2100512020;0
2100512021;0
2100512025;0
2100512026;1
2100512028;0
2100512029;0
2100512032;0
2100512034;0
2100512035;1
2100512036;1
2100512037;0
2100512038;0
2100512039;0
2100512041;0
2100512042;0
2100512044;0
2100512045;0
2100512051;1
2100512052;0
2100512053;0
2100512055;0
2100512057;0
2100512058;0
2100512061;0
2100512062;0
2100512063;0
2100512064;0
2100512065;0
2100521002;1
2100521005;0
2100521006;0
2100521008;0
2100521009;0
2100521010;1
2100521013;0
2100521014;1
2100521015;0
2100521016;0
2100521017;1
2100521018;0
2100521021;1
2100521022;1
2100521023;0
2100521024;0
2100521025;1
2100521026;0
2100521027;1
2100521028;1
2100521029;0
2100521030;0
2100521031;1
2100521032;1
2100521033;0
2100521034;1
2100521035;1
2100521037;0
2100521038;0
2100521039;1
2100521040;0
2100521041;0
2100521042;1
2100521043;0
2100521044;0
2100521046;0
2100521047;0
2100521048;0
2100521049;1
2100521050;0
2100521051;1
2100521052;0
2100521054;1
2100521055;1
2100521056;0
2100521057;0
2100521059;0
2100521060;0
2100521061;1
2100521062;0
2100521063;0
2100521067;0
2100521069;1
2100521070;0
2100521072;0
2100521073;0
2100521074;0
2100521075;0
2100521076;1
2100521077;0
2100521078;0
2100521079;0
2100522001;0
2100522004;1
2100522005;0
2100522006;0
2100522007;0
2100522008;1
2100522009;0
2100522010;0
2100522011;1
2100522012;1
2100522013;0
2100522018;0
2100522019;0
2100522020;0
2100522021;0
2100522023;1
2100522024;0
2100522026;0
2100522028;1
2100522031;0
2100522033;0
2100522034;0
2100522035;1
2100522036;0
2100522038;0
2100522039;1
2100522040;0
2100522041;0
2100522042;0
2100522046;1
2100522047;1
2100522048;1
2100522049;1
2100522050;1
2100522051;0
2100522052;0
2100522053;1
2100522054;0
2100522055;0
2100522056;0
2100522059;0
2100522060;0
2100522061;0
2100522062;1
2100522063;0
2100522064;1
2100522067;0
2100522068;1
2100522070;0
2100531001;0
2100531002;0
2100531003;1
2100531004;0
2100531006;0
2100531007;1
2100531008;1
2100531009;0
2100531010;0
2100531012;1
2100531013;0
2100531014;1
2100531015;0
2100531016;1
2100531017;0
2100531018;0
2100531019;0
2100531021;0
2100531022;1
2100531023;0
2100531024;1
2100531025;1
2100531026;0
2100531027;0
2100531028;0
2100531030;1
2100531031;0
2100531033;0
2100531034;0
2100531035;1
2100531036;1
2100531037;0
2100531040;0
2100531041;0
2100531042;1
2100531043;1
2100531044;0
2100531045;0
2100531047;0
2100531048;1
2100531049;0
2100531050;1
2100531051;0
2100531052;1
2100531053;0
2100531054;1
2100531055;0
2100531056;0
2100531057;1
2100531058;1
2100531059;0
2100531060;1
2100531061;0
2100531063;0
2100531064;1
2100531065;1
2100531066;0
2100531067;1
2100531068;0
2100531070;1
2100531071;1
2100531072;1
2100531073;1
2100531074;1
2100531076;0
2100531077;1
2100531078;0
2100531079;0
2100531080;0
2100531081;1
2100531082;1
2100531084;1
2100532002;0
2100532003;0
2100532004;1
2100532005;0
2100532007;1
2100532008;0
2100532010;1
2100532012;1
2100532013;0
2100532015;1
2100532016;0
2100532017;1
2100532019;1
2100532020;0
2100532022;1
2100532023;1
2100532024;0
2100532025;0
2100532026;0
2100532027;0
2100532028;0
2100532029;0
2100532030;0
2100532031;0
2100532032;0
2100532033;0
2100532034;0
2100532037;0
2100532042;0
2100532043;0
2100532044;1
2100532045;0
2100532046;0
2100532047;1
2100532048;0
2100532050;0
2100532052;1
2100532053;0
2100532054;0
2100532055;0
2100532056;1
2100532057;1
2100532058;0
2100532059;0
2100532060;0
2100532061;0
2100532062;0
2100532063;0
2100532064;0
2100532066;0
2100532067;1
2100532068;0
2100532070;0
2100532071;0
2100532072;0
2100551002;1
2100551005;1
2100551006;1
2100551007;1
2100551010;1
2100551011;1
2100551013;0
2100551014;0
2100551015;1
2100551016;0
2100551017;0
2100551018;1
2100551019;0
2100551020;1
2100551021;1
2100551022;1
2100551023;0
2100551024;0
2100551025;0
2100551027;1
2100551028;0
2100551029;0
2100551032;0
2100551033;1
2100551034;1
2100551035;1
2100551036;0
2100551037;1
2100551039;1
2100551041;1
2100551042;0
2100551043;0
2100551044;1
2100551045;1
2100551046;0
2100551049;0
2100551050;0
2100551051;0
2100551052;1
2100551053;1
2100551054;0
2100551055;0
2100551056;0
2100551057;1
2100551059;0
2100551060;0
2100551061;0
2100551062;0
2100551063;1
2100551064;0
2100551065;1
2100551066;0
2100551067;0
2100551068;0
2100551069;0
2100551071;0
2100551072;0
2100551073;1
2100551074;1
2100551075;1
2100551076;0
2100551077;1
2100551079;1
2100551080;0
2100551081;1
2100552002;1
2100552003;1
2100552004;0
2100552005;1
2100552006;1
2100552007;1
2100552008;0
2100552009;0
2100552010;0
2100552011;1
2100552012;1
2100552013;0
2100552014;1
2100552015;1
2100552016;0
2100552017;1
2100552018;1
2100552019;0
2100552021;0
2100552022;0
2100552023;0
2100552024;1
2100552025;1
2100552027;0
2100552028;1
2100552029;1
2100552030;1
2100552031;1
2100552032;0
2100552033;1
2100552034;1
2100552035;1
2100552037;1
2100552038;0
2100552039;1
2100552041;1
2100552042;0
2100552043;1
2100552044;1
2100552045;1
2100552047;0
2100552048;1
2100552051;1
2100552052;0
2100552053;1
2100552055;1
2100552057;0
2100552059;1
2100552060;1
2100552061;1
2100552062;0
2100552063;1
2100552065;1
2100552066;1
2100552068;0
2100552072;1
2100561006;1
2100561010;0
2100561011;0
2100561013;0
2100561014;0
2100561015;1
2100561016;0
2100561018;0
2100561019;0
2100561020;0
2100561021;0
2100561022;0
2100561023;0
2100561024;0
2100561027;1
2100561029;0
2100561032;0
2100561038;0
2100561043;1
2100561044;0
2100561046;0
2100561051;1
2100561052;0
2100561053;0
2100561054;1
2100561056;0
2100561057;1
2100561058;0
2100561059;0
2100561062;0
2100561063;1
2100561064;0
2100561065;1
2100561070;0
2100561071;1
2100561074;0
2100561079;0
2100562001;0
2100562002;0
2100562003;0
2100562004;0
2100562005;0
2100562007;0
2100562008;0
2100562009;0
2100562010;0
2100562011;0
2100562012;0
2100562013;0
2100562014;0
2100562015;0
2100562017;0
2100562018;0
2100562019;1
2100562020;0
2100562024;1
2100562026;1
2100562027;0
2100562029;0
2100562030;1
2100562032;0
2100562033;0
2100562034;0
2100562035;0
2100562037;0
2100562038;0
2100562039;1
2100562040;0
2100562042;0
2100562043;1
2100562044;1
2100562046;0
2100562047;0
2100562048;1
2100562049;1
2100562050;1
2100562051;1
2100562053;1
2100562054;0
2100562055;1
2100562056;0
2100562058;1
2100562059;0
2100562060;1
2100562061;0
2100571001;1
2100571002;1
2100571004;0
2100571007;0
2100571008;0
2100571009;0
2100571011;1
2100571012;1
2100571013;0
2100571015;1
2100571017;0
2100571018;0
2100571019;1
2100571020;0
2100571021;0
2100571022;0
2100571023;1
2100571024;1
2100571025;0
2100571027;0
2100571029;0
2100571030;0
2100571031;0
2100571033;1
2100571034;0
2100571036;1
2100571038;1
2100571039;0
2100571040;0
2100571041;0
2100571042;0
2100571044;1
2100571045;1
2100571046;0
2100571047;0
2100571048;0
2100571049;1
2100571050;0
2100571051;1
2100571052;0
2100571053;1
2100571055;0
2100571056;1
2100571057;0
2100571058;1
2100571061;0
2100571062;1
2100571063;0
2100571064;0
2100571065;0
2100571066;1
2100571067;0
2100571068;0
2100571069;0
2100571070;1
2100571072;0
2100571073;0
2100571074;0
2100571075;0
2100571077;0
2100571078;0
2100571079;0
2100571081;0
2100571082;0
2100572001;0
2100572002;0
2100572004;0
2100572006;0
2100572009;0
2100572010;0
2100572011;0
2100572012;1
2100572013;1
2100572015;0
2100572017;0
2100572018;0
2100572019;1
2100572020;1
2100572021;0
2100572023;0
2100572024;0
2100572025;0
2100572026;1
2100572027;0
2100572028;0
2100572029;1
2100572030;0
2100572032;0
2100572033;0
2100572034;1
2100572036;1
2100572038;1
2100572039;0
2100572040;0
2100572041;1
2100572042;0
2100572043;0
2100572044;0
2100572045;0
2100572046;0
2100572047;0
2100572048;0
2100572050;0
2100572051;0
2100572054;1
2100572055;0
2100572056;0
2100572057;1
2100572058;1
2100572059;0
2100572060;1
2100572061;1
2100572062;0
2100572063;1
2100572064;0
2100572067;0
2100572068;0
2100572069;0
2100581001;1
2100581002;0
2100581003;0
2100581004;0
2100581005;1
2100581006;0
2100581007;0
2100581009;0
2100581010;0
2100581011;1
2100581012;1
2100581013;1
2100581014;0
2100581015;0
2100581018;0
2100581019;1
2100581021;1
2100581022;1
2100581024;1
2100581025;0
2100581026;0
2100581027;0
2100581028;0
2100581029;0
2100581030;0
2100581034;0
2100581035;0
2100581036;0
2100581037;0
2100581038;0
2100581039;0
2100581040;0
2100581041;0
2100581042;1
2100581044;0
2100581045;0
2100581051;0
2100581054;0
2100581056;0
2100581057;0
2100581058;0
2100581059;0
2100581061;1
2100581062;1
2100581064;0
2100581066;0
2100581067;1
2100581068;0
2100581069;0
2100581070;0
2100581071;0
2100581072;1
2100581073;0
2100581074;1
2100581075;0
2100581076;0
2100581077;1
2100582001;0
2100582002;0
2100582003;0
2100582004;0
2100582005;0
2100582006;1
2100582008;0
2100582009;0
2100582012;0
2100582013;1
2100582015;0
2100582017;0
2100582019;0
2100582020;0
2100582021;1
2100582023;0
2100582024;0
2100582025;0
2100582026;0
2100582027;0
2100582028;0
2100582038;0
2100582043;1
2100582044;1
2100582045;0
2100582046;1
2100582048;0
2100582050;0
2100582051;0
2100582052;0
2100582053;0
2100582054;0
2100582055;0
2100582056;0
2100582057;1
2100582058;0
2100582060;0
2100582061;0
2100582062;0
2100582064;1
2100582067;0
2100582069;1
2100591002;0
2100591003;0
2100591004;0
2100591005;0
2100591006;0
2100591007;0
2100591008;0
2100591010;1
2100591013;0
2100591015;0
2100591016;0
2100591017;0
2100591019;0
2100591020;0
2100591021;0
2100591022;1
2100591023;0
2100591025;0
2100591026;1
2100591027;1
2100591028;0
2100591030;0
2100591034;0
2100591035;1
2100591036;0
2100591037;1
2100591038;0
2100591039;1
2100591040;1
2100591041;0
2100591042;0
2100591043;0
2100591044;1
2100591045;1
2100591046;0
2100591047;0
2100591048;0
2100591049;0
2100591050;0
2100591053;0
2100591054;1
2100591055;0
2100591056;0
2100591057;1
2100591059;0
2100591060;0
2100591061;0
2100591062;0
2100591064;0
2100591065;0
2100591066;0
2100591067;0
2100591068;0
2100591069;0
2100591070;0
2100591072;1
2100591073;0
2100591074;0
2100591075;0
2100591076;0
2100591077;1
2100591078;1
2100591080;1
2100591081;0
2100591082;0
2100592002;1
2100592003;0
2100592004;0
2100592005;0
2100592007;0
2100592009;1
2100592010;0
2100592011;0
2100592012;1
2100592013;0
2100592014;1
2100592015;0
2100592016;0
2100592017;0
2100592018;1
2100592019;0
2100592020;0
2100592021;0
2100592022;0
2100592023;1
2100592024;0
2100592025;0
2100592026;0
2100592027;1
2100592028;1
2100592029;1
2100592030;0
2100592032;1
2100592033;0
2100592034;0
2100592035;0
2100592036;1
2100592038;0
2100592040;0
2100592041;0
2100592042;0
2100592043;0
2100592044;0
2100592046;1
2100592047;0
2100592048;0
2100592049;0
2100592052;0
2100592053;1
2100592054;1
2100592056;0
2100592057;0
2100592058;0
2100592059;0
2100592060;0
2100592064;0
2100592065;0
2100592066;0
2100592067;0
2100592068;0
2100592069;0
2100592070;0
2100592071;1
2100592072;0
2100601001;1
2100601002;0
2100601004;1
2100601005;1
2100601006;1
2100601007;1
2100601008;0
2100601009;1
2100601010;0
2100601011;0
2100601012;0
2100601013;1
2100601014;0
2100601015;0
2100601016;0
2100601017;0
2100601018;1
2100601020;0
2100601021;0
2100601023;1
2100601024;0
2100601025;0
2100601027;1
2100601028;1
2100601029;0
2100601030;0
2100601031;0
2100601032;0
2100601033;1
2100601035;1
2100601036;0
2100601037;0
2100601038;0
2100601039;1
2100601040;0
2100601041;0
2100601042;0
2100601043;0
2100601044;0
2100601045;0
2100601046;0
2100601049;0
2100601050;1
2100601052;0
2100601053;0
2100601054;0
2100601055;1
2100601056;0
2100601057;1
2100601059;0
2100601062;1
2100601063;1
2100601064;1
2100601065;0
2100601066;0
2100601067;0
2100601068;1
2100601069;0
2100601071;0
2100601073;0
2100601074;1
2100601075;1
2100601077;0
2100601078;1
2100602001;1
2100602002;0
2100602003;0
2100602004;1
2100602005;0
2100602006;1
2100602008;1
2100602009;0
2100602010;1
2100602011;1
2100602012;0
2100602014;1
2100602015;0
2100602017;1
2100602018;0
2100602019;1
2100602020;0
2100602022;0
2100602023;1
2100602024;0
2100602025;0
2100602026;1
2100602027;0
2100602028;1
2100602029;0
2100602030;0
2100602032;1
2100602033;0
2100602034;0
2100602035;0
2100602036;0
2100602038;1
2100602040;1
2100602041;1
2100602042;0
2100602043;0
2100602044;0
2100602046;0
2100602047;1
2100602049;0
2100602050;1
2100602051;0
2100602052;1
2100602053;0
2100602054;0
2100602056;1
2100602058;0
2100602059;0
2100602060;0
2100602061;0
2100602062;0
2100602063;0
2100602065;0
2100602067;0
2100602068;1
2100602069;1
2100602072;0
2100611002;1
2100611003;0
2100611004;0
2100611005;0
2100611006;1
2100611010;1
2100611011;0
2100611012;0
2100611013;1
2100611014;1
2100611015;0
2100611016;1
2100611017;1
2100611018;0
2100611019;0
2100611021;0
2100611023;0
2100611024;0
2100611025;1
2100611026;0
2100611027;1
2100611028;1
2100611029;1
2100611031;0
2100611032;1
2100611034;0
2100611035;0
2100611036;1
2100611037;1
2100611038;0
2100611039;0
2100611040;1
2100611041;0
2100611042;0
2100611043;0
2100611044;0
2100611045;0
2100611046;1
2100611047;0
2100611048;0
2100611049;1
2100611050;0
2100611051;0
2100611052;1
2100611055;0
2100611056;0
2100611057;0
2100611058;0
2100611059;1
2100611060;1
2100611061;1
2100611062;0
2100611063;0
2100611064;0
2100611066;0
2100611067;1
2100611068;1
2100611069;0
2100611070;0
2100611071;1
2100611075;0
2100611076;1
2100611077;0
2100611078;0
2100611079;0
2100611081;0
2100611083;1
2100612001;1
2100612002;0
2100612003;1
2100612005;1
2100612006;1
2100612007;1
2100612008;0
2100612009;1
2100612010;1
2100612011;0
2100612012;0
2100612014;0
2100612015;1
2100612020;1
2100612022;0
2100612024;1
2100612025;1
2100612026;0
2100612027;0
2100612028;1
2100612029;0
2100612030;1
2100612031;0
2100612033;1
2100612034;1
2100612035;1
2100612037;1
2100612038;0
2100612040;1
2100612041;1
2100612042;1
2100612043;1
2100612044;1
2100612045;1
2100612046;1
2100612047;0
2100612048;1
2100612051;1
2100612053;1
2100612056;0
2100612057;0
2100612058;1
2100612059;0
2100612060;1
2100612061;1
2100612062;1
2100612063;1
2100612064;0
2100612065;0
2100612066;0
2100612067;0
2100612068;1
2100612069;1
2100612070;1
2100612071;1
2100612072;0
2260510110;1
2260510113;1
2260510114;1
2260510115;1
2260510116;1
2260510118;1
2260510122;1
2260510124;1
2260510125;1
2260510126;0
2260510127;1
2260510129;0
226051013;1
2260510131;1
2260510134;1
2260510136;1
2260510138;0
2260510139;1
226051014;1
2260510140;1
2260510141;0
2260510142;1
2260510143;1
2260510146;1
2260510147;1
2260510148;0
2260510151;1
2260510152;0
2260510155;1
2260510156;1
2260510158;1
2260510159;1
226051016;1
2260510160;0
2260510162;1
2260510163;1
2260510167;1
2260510168;1
226051017;1
2260510172;1
2260510174;1
2260510176;1
2260510177;1
2260510180;1
2260510182;1
2260510183;1
2260510185;1
226051019;1
226051021;1
2260510212;0
2260510213;0
2260510214;0
2260510217;0
226051022;0
2260510220;0
2260510221;1
2260510222;1
2260510223;1
2260510227;1
2260510228;0
2260510229;1
226051023;1
2260510230;0
2260510231;1
2260510232;0
2260510233;1
2260510237;0
2260510238;1
2260510240;1
2260510241;1
2260510242;1
2260510243;0
2260510244;0
2260510247;0
2260510248;0
226051025;1
2260510250;0
2260510252;1
2260510253;1
2260510254;1
2260510257;1
2260510258;0
2260510259;0
226051026;0
2260510260;0
2260510262;0
2260510266;0
2260510267;1
226051027;0
2260510270;0
2260510271;0
2260510272;0
2260510276;1
2260510277;1
2260510278;0
240846010;1
240846011;1
2408460110;1
2408460111;1
2408460118;1
240846012;1
2408460120;1
2408460123;1
2408460125;0
2408460126;1
2408460127;0
2408460129;0
240846013;0
2408460130;1
2408460131;0
2408460132;0
2408460133;1
2408460134;0
2408460135;0
2408460137;0
2408460139;1
2408460143;1
2408460145;0
2408460146;1
2408460148;1
2408460149;1
240846015;0
2408460150;1
2408460151;0
2408460152;0
2408460154;0
2408460155;0
2408460156;0
2408460158;0
2408460159;1
240846016;1
2408460163;1
2408460166;1
240846017;1
240846018;1
240846019;1
2408460211;1
2408460212;0
2408460213;0
2408460215;1
2408460217;1
2408460219;0
240846022;1
2408460220;0
2408460221;1
2408460222;0
2408460223;1
2408460225;0
2408460226;0
2408460227;1
2408460229;1
240846023;1
2408460234;1
2408460236;0
2408460237;0
2408460238;1
240846024;0
2408460240;1
2408460242;1
2408460243;1
2408460244;1
2408460246;0
2408460247;1
2408460249;0
2408460252;1
2408460254;0
2408460255;1
2408460257;0
2408460260;0
2408460261;0
2408460265;1
2408460266;1
2408460268;1
2408460269;0
240846027;1
2408460271;1
2408460272;1
2408460274;1
2408460276;1
2408460277;1
2408460278;0
240846028;1
2408460280;0
240846029;1
24851011;0
248510111;0
248510112;1
248510114;1
248510116;0
248510117;1
248510118;1
248510119;0
248510120;0
248510125;0
248510127;1
248510128;0
248510129;1
24851013;0
248510131;0
248510136;1
248510137;1
24851014;0
248510142;1
248510147;1
248510148;0
24851015;0
248510150;0
248510151;1
248510153;0
248510155;0
248510156;1
248510157;0
248510160;0
248510161;0
248510163;0
248510164;1
248510167;1
248510170;0
24851018;0
24851019;1
248510211;0
248510212;1
248510213;0
248510214;1
248510215;0
248510216;1
24851022;1
248510220;0
248510223;0
248510225;0
248510227;0
248510229;0
248510230;0
248510232;0
248510233;1
248510235;1
248510236;0
24851024;0
248510241;1
248510242;1
248510245;0
248510246;1
248510248;0
248510249;1
248510250;1
248510251;0
248510253;0
248510255;1
248510256;0
248510259;0
24851026;0
248510260;0
248510262;1
248510264;1
248510265;1
248510267;1
248510268;1
24851027;0
248510271;1
248510272;0
248510273;0
248510276;0
248510278;0
24851028;0
2904280110;1
29042801110;0
29042801170;1
29042801180;1
2904280120;0
29042801220;1
29042801230;1
29042801250;0
29042801260;0
29042801290;0
29042801300;0
29042801320;0
29042801340;0
29042801350;0
29042801370;1
29042801390;1
2904280140;0
29042801440;1
29042801450;0
29042801470;1
29042801480;1
2904280150;1
29042801500;0
29042801550;1
29042801570;0
29042801580;0
2904280160;0
29042801600;0
29042801630;0
29042801640;0
29042801650;1
29042801680;1
29042801690;1
2904280170;0
29042801710;1
29042801740;1
29042801750;0
29042801770;1
29042801780;1
29042801790;1
2904280180;1
2904280190;0
29042802110;1
29042802140;1
29042802150;0
29042802180;1
29042802200;0
29042802220;1
29042802240;1
29042802260;1
29042802280;0
2904280230;1
29042802310;1
29042802320;0
29042802340;1
29042802350;0
29042802380;0
29042802390;0
29042802410;0
29042802420;0
29042802430;0
29042802440;0
29042802450;1
29042802460;1
29042802470;1
29042802480;0
2904280250;0
29042802500;0
29042802510;1
29042802520;0
29042802530;0
29042802560;0
29042802570;0
2904280260;1
29042802600;1
29042802640;0
29042802660;0
29042802670;0
29042802680;1
29042802690;0
2904280270;0
29042802700;0
29042802720;1
29042802740;0
29042802750;0
29042802760;1
29042802770;0
29042802790;0
2904280280;1
29042802800;0
29042802830;0
29042802860;1
2904280290;1
303830110;1
303830113;1
303830115;1
303830117;0
303830118;0
303830121;0
303830122;1
303830123;1
303830126;1
303830127;0
303830128;1
30383013;0
303830131;1
303830132;0
303830133;1
303830138;0
303830139;1
30383014;0
303830141;0
303830143;0
303830144;0
303830146;1
303830147;1
303830148;1
303830149;1
30383015;1
303830151;1
303830155;1
303830156;1
303830157;1
303830158;0
303830159;1
30383016;0
303830160;1
303830161;1
303830162;1
303830166;0
303830167;1
303830169;1
303830171;0
303830174;0
303830175;0
303830178;1
303830182;1
303830183;1
303830184;1
303830210;0
303830211;1
303830212;0
303830216;1
303830217;1
303830218;1
30383022;1
303830220;0
303830221;1
303830223;1
303830224;0
303830225;0
303830227;1
303830229;1
30383023;0
303830234;1
303830236;1
303830239;1
303830240;1
303830241;1
303830242;0
303830245;0
303830246;1
303830247;0
303830249;0
30383025;1
303830250;0
303830255;0
303830258;0
303830259;0
303830263;1
303830269;1
303830270;1
303830273;0
303830274;1
303830278;0
30383028;1
3100621001;1
3100621002;1
3100621003;1
3100621004;1
3100621005;1
3100621007;1
3100621009;0
3100621010;0
3100621011;0
3100621012;0
3100621013;1
3100621014;0
3100621016;0
3100621018;1
3100621019;0
3100621020;1
3100621022;0
3100621023;1
3100621024;1
3100621025;0
3100621026;0
3100621027;1
3100621028;1
3100621030;0
3100621031;1
3100621032;1
3100621033;0
3100621034;1
3100621035;0
3100621037;1
3100621039;1
3100621040;0
3100621041;0
3100621042;0
3100621043;0
3100621045;0
3100621046;1
3100621047;0
3100621048;1
3100621049;1
3100621051;0
3100621052;1
3100621053;0
3100621055;0
3100621057;0
3100621058;0
3100621059;1
3100621061;1
3100621062;1
3100621063;1
3100621064;0
3100622001;1
3100622002;1
3100622003;1
3100622006;1
3100622007;1
3100622008;0
3100622009;1
3100622011;1
3100622013;0
3100622015;0
3100622019;0
3100622020;1
3100622021;1
3100622023;1
3100622024;1
3100622026;1
3100622027;1
3100622033;1
3100622034;0
3100622036;1
3100622037;1
3100622038;0
3100622040;1
3100622041;0
3100622042;0
3100622043;0
3100622044;1
3100622045;0
3100622047;0
3100622048;0
3100622049;1
3100622051;0
3100622053;0
3100622054;1
3100622057;0
3100631001;0
3100631002;0
3100631003;0
3100631004;0
3100631005;0
3100631006;0
3100631008;0
3100631009;0
3100631010;0
3100631011;0
3100631013;1
3100631014;1
3100631015;1
3100631016;0
3100631018;0
3100631019;0
3100631022;1
3100631023;1
3100631025;0
3100631026;1
3100631027;0
3100631029;0
3100631032;0
3100631035;0
3100631037;0
3100631042;1
3100631043;1
3100631044;1
3100631045;0
3100631046;0
3100631047;0
3100631048;0
3100631049;0
3100631051;1
3100631052;0
3100631053;1
3100631054;1
3100631055;0
3100631056;1
3100631057;0
3100631058;1
3100631059;0
3100631062;0
3100632001;0
3100632002;0
3100632003;1
3100632004;1
3100632007;0
3100632008;0
3100632011;0
3100632012;0
3100632015;0
3100632016;1
3100632017;0
3100632018;0
3100632019;0
3100632021;0
3100632023;1
3100632024;0
3100632025;0
3100632026;0
3100632027;1
3100632030;0
3100632031;0
3100632039;0
3100632041;0
3100632042;1
3100632043;0
3100632044;0
3100632045;0
3100641002;1
3100641003;1
3100641004;1
3100641006;0
3100641007;1
3100641008;0
3100641023;0
3100642002;0
3100642003;1
3100642005;0
3100642006;0
3100642007;0
3100642008;1
3100642009;0
3100642011;1
3100642012;1
3100642013;0
3100642015;1
3100642017;0
3100642019;0
3100642020;0
3100642021;0
3100642022;1
3100642024;1
3100642025;0
3100642026;0
3100642027;1
3100642028;0
3100642030;0
3100642031;0
3100642032;1
3100642033;0
3100642034;0
3100642035;1
3100642036;0
3100642037;1
3100642038;0
3100642040;0
3100642045;0
3100642047;0
3100642052;0
3100642054;1
3100642055;0
3100642056;0
3100642057;0
3100642058;0
3100642060;0
3100642061;0
3100642063;0
3100642064;1
3100642066;0
3100642069;1
3100642070;0
3100661002;0
3100661007;0
3100661009;1
3100661015;0
3100661016;0
3100661022;1
3100661023;0
3100661024;0
3100661025;0
3100661027;0
3100661028;0
3100661029;1
3100661031;0
3100661032;1
3100661033;0
3100661036;1
3100661037;0
3100661038;1
3100661040;0
3100661043;0
3100661044;0
3100661046;1
3100661049;0
3100661050;1
3100662014;0
3100662015;1
3100662016;1
3100662017;0
3100662020;1
3100662022;1
3100662023;0
3100662026;0
3100662029;0
3100662032;1
3100662035;0
3100662036;1
3100662037;0
3100662045;0
3100662046;0
3100662048;0
3100662049;1
3100662050;0
3100662052;1
3100662053;0
3100662055;0
3100681001;0
3100681002;1
3100681005;0
3100681006;0
3100681015;0
3100681017;1
3100681018;1
3100681042;0
3100681043;1
3100681044;0
3100681045;1
3100681046;1
3100682001;0
3100682002;1
3100682003;0
3100682007;0
3100682008;1
3100682030;0
3100682040;0
3100691005;0
3100691006;1
3100691007;0
3100691011;1
3100691012;0
3100691021;0
3100691026;0
3100691042;0
3100691045;0
3100691048;1
3100692002;1
3100692005;0
3100692006;0
3100692007;1
3100692009;0
3100692010;0
3100692011;0
3100692012;0
3100692013;0
3100692015;0
3100692016;1
3100692020;0
3100692022;0
3100692023;0
3100692024;1
3100692025;1
3100692028;0
3100692029;1
3100692032;0
3100692034;1
3100692035;0
3100692038;0
3100692039;0
3100692045;1
3100692052;1
3100692054;0
3100692055;0
3100692056;0
3100701001;0
3100701002;0
3100701004;0
3100701005;0
3100701008;0
3100701009;0
3100701010;0
3100701011;1
3100701012;0
3100701013;0
3100701014;0
3100701015;0
3100701016;0
3100701019;0
3100701021;0
3100701022;0
3100701023;1
3100701024;0
3100701029;0
3100701031;0
3100701032;0
3100701036;0
3100701043;0
3100701044;0
3100701050;0
3100701051;0
3100701056;0
3100701057;1
3100701058;0
3100701061;0
3100701063;1
3100701072;1
3100701073;0
3100702004;0
3100702005;0
3100702006;1
3100702010;1
3100702012;0
3100702013;0
3100702016;0
3100702017;1
3100702019;1
3100702020;0
3100702021;0
3100702022;0
3100702023;0
3100702024;0
3100702025;0
3100702026;0
3100702027;0
3100702028;0
3100702029;0
3100702030;0
3100702031;1
3100702033;0
3100702034;0
3100702035;0
3100702036;0
3100702037;1
3100702038;1
3100702039;0
3100702040;0
3100702041;0
3100702043;0
3100702044;0
3100702045;0
3100702046;0
3100702047;0
3100702048;0
3100702051;1
3100702052;0
3100702054;0
3100702055;0
3100702059;0
3100702060;0
3100702061;0
3100702062;0
3100702063;1
3100702064;1
3100702065;0
3100702066;0
3100702067;0
3100702068;1
3100711007;1
3100711009;0
3100711042;1
3100711043;0
3100711049;0
3100711050;0
3100711051;0
3100711052;0
3100712014;1
3100721002;0
3100721003;0
3100721004;0
3100721005;0
3100721006;0
3100721007;0
3100721008;0
3100721011;0
3100721012;0
3100721013;0
3100721014;0
3100721015;0
3100721016;0
3100721018;1
3100721019;0
3100721020;0
3100721021;0
3100721022;0
3100721023;0
3100721024;0
3100721028;1
3100721029;0
3100721030;1
3100721031;1
3100721032;0
3100721033;0
3100721034;0
3100721036;0
3100721038;0
3100721039;0
3100721040;0
3100721041;0
3100721042;0
3100721044;0
3100721045;0
3100721046;1
3100721047;1
3100721048;0
3100721049;0
3100721050;0
3100721051;0
3100721052;1
3100721053;0
3100721054;0
3100721055;0
3100721056;0
3100721057;0
3100721058;0
3100721059;0
3100721060;1
3100721062;0
3100721063;0
3100721064;0
3100721065;1
3100721066;0
3100721068;0
3100721070;0
3100721071;0
3100721072;0
3100722003;0
3100722004;0
3100722005;0
3100722006;0
3100722007;0
3100722012;0
3100722013;0
3100722014;0
3100722016;0
3100722017;1
3100722020;1
3100722021;1
3100722022;0
3100722023;0
3100722024;0
3100722025;0
3100722026;0
3100722027;0
3100722030;0
3100722031;0
3100722032;0
3100722033;0
3100722034;0
3100722036;0
3100722038;0
3100722039;0
3100722040;0
3100722042;0
3100722044;0
3100722045;0
3100722046;0
3100722047;0
3100722048;0
3100722054;0
3100722055;0
3100722057;0
3100722059;0
3100722061;1
3100722062;0
3100722063;0
3100722064;0
3100722065;1
3100722066;0
3100722067;0
3100722068;0
3100722069;0
3100722070;0
3100722072;0
3100722073;0
3100722074;0
3100722076;0
3100722077;0
3100722078;0
3100722079;0
3100731001;0
3100731006;0
3100731007;0
3100731008;0
3100731009;0
3100731011;0
3100731012;0
3100731013;0
3100731014;1
3100731025;1
3100731026;0
3100731028;0
3100731029;0
3100731030;0
3100731031;0
3100731037;0
3100731038;0
3100731050;0
3100731052;0
3100731054;0
3100731056;0
3100731057;1
3100731058;0
3100732001;0
3100732002;0
3100732003;0
3100732006;0
3100732013;0
3100732014;1
3100732015;0
3100732017;1
3100732018;0
3100732020;0
3100732021;0
3100732022;1
3100732023;1
3100732025;1
3100732027;0
3100732028;0
3100732029;0
3100732031;1
3100732036;1
3100732040;1
3100732041;0
3100732042;0
3100732067;1
3100741001;0
3100741002;1
3100741003;0
3100741004;0
3100741011;0
3100741012;0
3100741013;0
3100741014;0
3100741016;0
3100741017;0
3100741018;0
3100741019;0
3100741020;0
3100741022;0
3100741023;0
3100741024;0
3100741025;0
3100741026;0
3100741027;0
3100741028;0
3100741029;0
3100741030;1
3100741032;0
3100741034;1
3100741035;0
3100741036;1
3100741037;1
3100741038;0
3100741039;1
3100741042;0
3100741043;0
3100741044;1
3100741045;0
3100741047;0
3100741049;0
3100741053;0
3100741054;0
3100741056;0
3100741057;0
3100741058;0
3100741059;0
3100741060;0
3100741061;0
3100741063;0
3100741064;0
3100741065;0
3100741066;0
3100741068;0
3100741069;0
3100741070;0
3100741071;0
3100741072;0
3100741073;0
3100741074;0
3100741075;0
3100741076;0
3100741077;0
3100741079;0
3100742001;1
3100742003;1
3100742004;1
3100742005;0
3100742007;1
3100742010;0
3100742011;0
3100742012;0
3100742013;0
3100742014;0
3100742015;1
3100742016;0
3100742018;0
3100742020;1
3100742021;0
3100742022;0
3100742023;0
3100742024;0
3100742025;0
3100742027;0
3100742028;0
3100742033;0
3100742034;1
3100742037;0
3100742038;0
3100742041;0
3100742042;0
3100742044;0
3100742045;0
3100742046;0
3100742047;0
3100742048;0
3100742050;0
3100742051;0
3100742052;1
3100742053;0
3100742054;0
3100742055;1
3100742056;0
3100742057;0
3100742058;1
3100742059;0
3100742060;0
3100742061;0
3100742062;0
3100742063;0
3100742065;1
3100742067;0
3100742068;0
3100751003;0
3100751004;1
3100751005;1
3100751006;1
3100751007;1
3100751008;1
3100751009;0
3100751010;0
3100751011;0
3100751012;0
3100751014;0
3100751015;0
3100751016;0
3100751017;1
3100751018;0
3100751019;0
3100751020;0
3100751021;0
3100751022;0
3100751024;0
3100751026;0
3100751027;0
3100751028;0
3100751032;0
3100751033;0
3100751034;0
3100751035;0
3100751037;0
3100751039;1
3100751040;0
3100751041;1
3100751043;0
3100751044;0
3100751045;0
3100751048;0
3100751050;0
3100751055;0
3100751056;0
3100751057;1
3100751058;0
3100751059;0
3100751063;0
3100751064;0
3100751065;0
3100751068;0
3100751069;1
3100751070;0
3100751072;0
3100751073;0
3100751074;0
3100751075;1
3100751076;0
3100751077;0
3100751078;1
3100751079;0
3100752001;1
3100752002;0
3100752003;1
3100752004;1
3100752005;1
3100752007;1
3100752008;0
3100752009;0
3100752010;0
3100752012;1
3100752014;1
3100752015;0
3100752016;0
3100752017;0
3100752018;0
3100752019;1
3100752020;0
3100752021;0
3100752022;1
3100752023;0
3100752026;1
3100752027;0
3100752029;1
3100752030;1
3100752032;0
3100752034;0
3100752035;0
3100752036;0
3100752037;0
3100752038;0
3100752039;0
3100752040;1
3100752041;1
3100752042;0
3100752043;0
3100752044;0
3100752045;0
3100752046;0
3100752047;1
3100752048;0
3100752049;0
3100752050;0
3100752051;1
3100752052;0
3100752054;0
3100752055;1
3100752056;1
3100752057;0
3100752058;0
3100752059;0
3100752060;1
3100752061;0
3100752063;0
3100752068;0
3100761003;0
3100761004;1
3100761005;0
3100761007;0
3100761008;1
3100761013;0
3100761014;0
3100761015;0
3100761016;0
3100761017;1
3100761019;0
3100761020;0
3100761021;1
3100761023;1
3100761027;0
3100761028;1
3100761029;0
3100761030;1
3100761031;0
3100761034;1
3100761042;0
3100761046;1
3100761047;1
3100761048;1
3100761049;1
3100761050;1
3100761051;1
3100761056;1
3100761062;0
3100761063;0
3100762003;0
3100762004;0
3100762005;0
3100762007;0
3100762012;0
3100762013;0
3100762016;1
3100762027;1
3100762029;0
3100762030;1
3100762052;1
3100762053;1
3100762055;1
3100771001;1
3100771002;0
3100771003;1
3100771005;1
3100771007;1
3100771008;1
3100771009;0
3100771012;1
3100771014;0
3100771016;0
3100771018;1
3100771019;0
3100771020;0
3100771021;1
3100771022;1
3100771024;1
3100771027;0
3100771028;1
3100771029;0
3100771030;1
3100771031;1
3100771032;1
3100771033;1
3100771034;0
3100771036;1
3100771037;1
3100771039;0
3100771040;0
3100771041;0
3100771042;1
3100771043;1
3100771046;1
3100771047;0
3100771048;1
3100771049;0
3100771050;0
3100771052;0
3100771054;1
3100771055;0
3100771056;0
3100771057;1
3100771058;1
3100771059;0
3100771062;0
3100771063;1
3100771064;1
3100771065;0
3100771066;1
3100771067;1
3100771068;0
3100771069;1
3100771071;0
3100771072;0
3100771073;1
3100771075;0
3100771076;0
3100771077;0
3100771078;0
3100771080;1
3100771081;0
3100772002;0
3100772004;0
3100772005;1
3100772006;0
3100772007;0
3100772008;0
3100772009;0
3100772010;1
3100772011;0
3100772013;1
3100772014;0
3100772015;0
3100772018;0
3100772019;1
3100772020;0
3100772021;0
3100772022;0
3100772023;0
3100772024;1
3100772025;0
3100772026;0
3100772027;0
3100772028;0
3100772029;0
3100772031;1
3100772032;0
3100772033;0
3100772034;0
3100772035;0
3100772036;1
3100772037;1
3100772039;0
3100772040;0
3100772041;0
3100772042;1
3100772043;0
3100772045;0
3100772046;0
3100772048;0
3100772050;1
3100772051;1
3100772052;0
3100772053;0
3100772054;1
3100772055;0
3100772056;0
3100772058;0
3100772059;0
3100772063;1
3100772065;0
3100772066;0
3100772067;0
3100772068;0
3100772069;0
3100781001;0
3100781002;0
3100781004;1
3100781006;0
3100781007;0
3100781008;1
3100781009;0
3100781010;0
3100781011;0
3100781013;1
3100781015;1
3100781016;0
3100781017;1
3100781019;1
3100781020;0
3100781021;1
3100781023;0
3100781024;0
3100781027;1
3100781029;0
3100781030;0
3100781031;0
3100781032;0
3100781033;0
3100781034;1
3100781036;1
3100781038;1
3100781040;1
3100781041;0
3100781043;0
3100781044;1
3100781046;0
3100781047;0
3100781048;0
3100781051;0
3100781052;0
3100781053;0
3100781054;1
3100781055;0
3100781056;0
3100781057;1
3100781058;0
3100781059;1
3100781061;1
3100781062;0
3100781064;1
3100781065;0
3100781066;0
3100781068;0
3100781069;0
3100781070;1
3100781071;0
3100781073;0
3100781074;1
3100781075;1
3100781076;0
3100781078;1
3100781079;0
3100781080;1
3100781081;1
3100782001;1
3100782003;0
3100782004;0
3100782005;0
3100782006;1
3100782008;0
3100782010;0
3100782011;0
3100782012;0
3100782013;1
3100782014;1
3100782015;0
3100782016;0
3100782017;1
3100782018;0
3100782019;0
3100782021;0
3100782022;0
3100782023;0
3100782024;0
3100782025;0
3100782026;0
3100782027;0
3100782028;0
3100782031;0
3100782032;0
3100782033;0
3100782035;0
3100782036;0
3100782037;1
3100782038;0
3100782039;1
3100782042;1
3100782043;1
3100782045;0
3100782046;1
3100782047;0
3100782049;1
3100782050;1
3100782053;0
3100782054;0
3100782055;0
3100782057;0
3100782058;0
3100782059;1
3100782061;1
3100782062;0
3100782063;0
3100782064;0
3100782065;0
3100782066;1
3100782067;1
3100782068;1
3100782069;0
3100782071;0
3100782072;0
3100791004;0
3100791006;0
3100791007;0
3100791008;0
3100791016;0
3100791018;0
3100791020;0
3100791021;0
3100791026;0
3100791028;0
3100791031;0
3100791033;1
3100791034;0
3100791035;1
3100791042;0
3100791044;0
3100791045;0
3100791046;0
3100791047;0
3100791049;0
3100791050;1
3100791052;0
3100791054;0
3100791056;1
3100791058;1
3100791059;0
3100791060;0
3100791061;0
3100791062;1
3100791063;0
3100791064;0
3100791065;0
3100791066;1
3100791067;1
3100791069;0
3100791070;1
3100791071;0
3100791072;0
3100791073;0
3100792002;0
3100792003;0
3100792004;0
3100792005;0
3100792006;0
3100792007;0
3100792008;0
3100792009;0
3100792010;0
3100792011;0
3100792013;0
3100792014;1
3100792015;1
3100792016;0
3100792019;0
3100792020;0
3100792021;0
3100792022;0
3100792023;0
3100792024;1
3100792025;1
3100792027;0
3100792028;0
3100792030;0
3100792031;1
3100792032;1
3100792033;1
3100792035;0
3100792036;1
3100792037;0
3100792038;1
3100792039;0
3100792040;0
3100792041;0
3100792042;0
3100792043;0
3100792044;1
3100792045;1
3100792046;0
3100792048;0
3100792050;0
3100792051;0
3100792052;0
3100792053;0
3100792057;0
3100792058;1
3100792060;1
3100792069;1
3100801006;1
3100802001;0
3100802028;0
3100811002;0
3100811018;1
3100811027;1
3100811034;1
3100811035;0
3100811036;1
3100811037;0
3100811038;0
3100811039;0
3100811040;0
3100811041;0
3100811042;1
3100811043;0
3100811045;0
3100811046;0
3100811047;1
3100811050;0
3100811051;0
3100811053;0
3100811054;0
3100811055;1
3100811056;0
3100811059;0
3100811060;0
3100811061;0
3100811063;0
3100811068;1
3100811075;0
3100812003;0
3100812004;0
3100812005;0
3100812006;1
3100812007;0
3100812008;0
3100812013;1
3100812014;1
3100812016;0
3100812017;0
3100812018;0
3100812019;0
3100812020;0
3100812021;0
3100812026;1
3100812027;1
3100812028;1
3100812040;0
3100821004;0
3100821015;0
3100821016;1
3100821019;0
3100821020;0
3100821021;1
3100821022;1
3100821030;1
3100821031;0
3100821032;0
3100821033;1
3100821034;0
3100821035;0
3100821036;0
3100821037;0
3100821038;0
3100821039;0
3100821040;0
3100821041;0
3100821042;0
3100821045;0
3100821046;0
3100821047;0
3100821048;0
3100821049;0
3100821051;1
3100821052;0
3100821054;0
3100821055;0
3100821057;0
3100821067;0
3100821068;0
3100821069;0
3100821075;1
3100822001;0
3100822011;1
3100822012;0
3100822014;1
3100822030;0
3100822031;0
3100822044;0
3100822050;0
3100822051;1
3100822057;0
3100822058;0
3100822059;0
3100822064;0
3100822065;1
3100822066;0
3100822067;0
3100822068;0
3100822069;0
3100822070;0
3100822075;0
3100822080;1
3100831003;0
3100831004;0
3100831006;1
3100831007;0
3100831008;0
3100831010;1
3100831011;0
3100831013;0
3100831014;0
3100831015;0
3100831016;0
3100831018;0
3100831019;1
3100831020;0
3100831022;0
3100831024;0
3100831026;1
3100831027;0
3100831028;0
3100831029;0
3100831032;0
3100831033;1
3100831035;0
3100831036;0
3100831037;1
3100831044;0
3100831045;0
3100831046;0
3100831047;1
3344630110;0
33446301100;1
33446301101;1
33446301103;1
33446301104;1
33446301107;1
3344630112;1
3344630113;1
3344630115;0
3344630116;1
3344630117;1
3344630119;1
334463012;1
3344630120;1
3344630121;1
3344630127;1
3344630130;1
3344630131;1
3344630132;1
3344630133;1
3344630136;1
3344630139;1
334463014;1
3344630140;1
3344630141;1
3344630142;1
3344630143;1
3344630146;1
3344630147;1
3344630148;0
3344630149;0
3344630150;1
3344630151;0
3344630153;1
3344630156;1
3344630161;0
3344630162;0
3344630163;1
3344630164;1
3344630166;0
3344630170;1
3344630171;1
3344630172;1
3344630173;1
3344630176;1
3344630179;0
3344630180;0
3344630181;0
3344630182;1
3344630184;0
3344630185;1
3344630186;1
3344630188;0
3344630189;0
334463019;1
3344630190;0
3344630196;1
3344630197;1
3344630198;1
3344630199;0
334463021;1
3344630210;1
3344630211;1
3344630213;1
3344630215;1
3344630216;1
3344630219;1
334463022;1
3344630220;1
3344630221;1
3344630224;1
3344630225;0
3344630226;1
3344630231;1
3344630232;0
3344630233;0
3344630236;1
3344630238;1
3344630240;1
3344630241;1
3344630242;1
3344630243;1
3344630245;1
3344630247;0
3344630248;1
334463025;1
3344630251;1
3344630252;1
3344630255;1
3344630257;1
334463026;1
3344630260;1
3344630262;1
3344630264;1
3344630265;1
3344630266;1
3344630267;1
334463027;1
3344630270;1
3344630271;1
3344630273;1
3344630276;1
3344630278;1
334463028;1
3344630280;1
3344630281;1
3344630282;1
334463029;1
33702101100;1
33702101110;1
33702101130;1
33702101140;1
33702101150;1
33702101180;0
33702101200;0
33702101210;0
33702101250;1
33702101260;0
33702101270;1
33702101280;1
33702101290;0
33702101300;1
33702101340;1
33702101350;1
33702101360;0
33702101370;1
33702101410;0
33702101430;1
33702101450;0
33702101460;1
33702101470;0
33702101480;1
33702101490;1
3370210150;1
33702101500;1
33702101530;1
33702101540;1
33702101550;0
33702101580;1
33702101590;0
33702101600;0
33702101620;0
33702101630;1
33702101640;1
33702101650;1
33702101660;1
33702101700;1
33702101710;0
33702101730;1
33702101740;0
33702101750;1
33702101760;0
3370210180;0
33702102100;0
33702102110;0
33702102130;1
33702102140;1
33702102160;0
33702102170;1
33702102180;0
33702102190;0
33702102200;1
33702102220;0
33702102230;0
33702102240;1
33702102250;0
33702102280;0
3370210230;0
33702102300;1
33702102310;0
33702102330;1
33702102350;0
33702102390;0
3370210240;1
33702102400;0
33702102420;0
33702102430;1
33702102470;0
33702102500;1
33702102530;0
33702102540;1
33702102550;1
33702102570;0
33702102580;0
33702102590;0
3370210260;0
33702102600;0
33702102640;1
33702102670;0
33702102690;1
33702102710;0
33702102740;1
3370210280;0
33702102820;1
33702102840;0
33702102850;0
33702102870;0
33702102880;0
342227010;1
342227011;0
3422270111;1
3422270112;0
3422270115;0
3422270116;0
3422270117;0
3422270118;1
3422270121;0
3422270122;1
3422270123;1
3422270126;1
3422270127;0
3422270128;0
3422270129;1
342227013;0
3422270130;0
3422270131;0
3422270133;0
3422270134;1
3422270135;1
3422270138;0
3422270139;0
3422270140;1
3422270141;1
3422270142;0
3422270143;1
3422270144;0
3422270149;0
3422270151;0
3422270152;0
3422270153;1
3422270154;0
3422270155;1
3422270157;1
3422270158;0
3422270160;1
3422270165;0
3422270166;1
3422270167;1
3422270168;1
3422270169;1
3422270171;0
3422270172;0
342227020;1
342227021;1
3422270210;0
3422270211;0
3422270212;1
3422270213;1
3422270215;1
3422270216;1
3422270217;0
3422270219;1
3422270220;1
3422270221;1
3422270222;1
3422270223;0
3422270224;0
3422270225;0
3422270227;1
342227023;0
3422270230;1
3422270238;0
3422270239;1
342227024;0
3422270240;0
3422270241;0
3422270242;0
3422270244;0
3422270245;0
3422270246;1
3422270247;0
3422270249;0
342227025;0
3422270250;0
3422270251;1
3422270252;0
3422270253;1
3422270254;1
3422270255;1
3422270256;1
3422270257;1
3422270261;0
3422270262;1
3422270263;0
3422270264;0
3422270267;1
3422270268;1
3422270269;0
342227027;1
3422270274;1
3422270278;0
3422270279;0
3422270280;1
3422270281;1
342227029;1
350361011;1
3503610110;1
3503610111;0
3503610112;0
3503610113;0
3503610114;1
3503610115;1
3503610116;0
3503610117;0
3503610118;1
3503610119;1
350361012;0
3503610120;1
3503610121;1
3503610122;0
3503610123;1
3503610124;0
3503610125;0
3503610126;0
3503610127;1
3503610128;0
3503610129;1
350361013;1
3503610130;0
3503610131;0
3503610132;1
3503610133;1
3503610134;0
3503610135;0
3503610136;0
3503610137;1
3503610138;0
3503610139;1
350361014;0
3503610140;0
3503610141;0
3503610142;0
3503610143;0
3503610144;0
3503610145;0
3503610146;0
3503610147;0
3503610148;0
3503610149;1
350361015;0
3503610150;0
3503610151;0
3503610152;0
3503610154;1
3503610156;0
3503610157;0
3503610158;1
350361016;1
3503610163;1
3503610168;1
350361017;0
350361019;1
350361021;0
3503610210;0
3503610212;1
3503610213;1
3503610214;1
3503610217;0
350361022;0
3503610223;1
3503610224;0
3503610225;0
3503610226;1
3503610227;0
3503610228;0
350361023;0
3503610230;0
3503610231;0
3503610233;1
3503610234;0
3503610235;1
3503610236;0
3503610237;0
3503610238;0
350361024;0
3503610240;0
3503610241;0
3503610242;0
3503610245;0
3503610246;0
3503610248;1
3503610250;0
3503610251;1
3503610252;0
3503610253;0
3503610254;0
3503610255;1
3503610256;0
3503610257;0
350361026;0
3503610260;1
3503610261;0
3503610264;0
3503610265;0
3503610266;0
3503610267;0
3503610268;0
3503610269;1
3503610270;0
3503610272;1
3503610273;0
3503610275;1
3503610276;0
3503610277;0
3503610278;0
3503610279;0
350361028;1
350361029;1
4000181002;1
4000181004;1
4000181005;1
4000181006;0
4000181007;0
4000181008;1
4000181010;0
4000181011;1
4000181012;0
4000181013;1
4000181014;1
4000181015;1
4000181016;1
4000181017;1
4000181019;0
4000181020;1
4000181022;1
4000181023;1
4000181024;1
4000181026;0
4000181027;0
4000181028;0
4000181029;1
4000181030;1
4000181031;0
4000181032;1
4000181033;0
4000181035;0
4000181036;0
4000181037;1
4000181039;1
4000181041;1
4000181042;1
4000181043;0
4000181044;0
4000181045;0
4000181046;1
4000181047;1
4000181048;0
4000181049;0
4000181053;1
4000181054;0
4000181055;0
4000181056;0
4000181057;0
4000181060;0
4000181061;0
4000181062;0
4000181063;1
4000181064;1
4000181065;0
4000181066;0
4000181067;0
4000181068;1
4000181069;1
4000181070;0
4000181072;1
4000181073;0
4000181074;0
4000181075;0
4000181076;1
4000181077;1
4000181078;0
4000181079;0
4000181080;0
4000182003;0
4000182004;0
4000182005;0
4000182006;0
4000182007;0
4000182008;1
4000182009;0
4000182010;0
4000182011;0
4000182013;0
4000182014;0
4000182015;1
4000182016;1
4000182017;0
4000182018;0
4000182020;1
4000182022;1
4000182024;0
4000182025;1
4000182026;1
4000182027;0
4000182028;0
4000182029;0
4000182030;0
4000182031;0
4000182032;0
4000182033;0
4000182035;1
4000182036;1
4000182037;1
4000182038;0
4000182039;0
4000182040;0
4000182041;0
4000182042;0
4000182044;0
4000182046;1
4000182047;0
4000182049;0
4000182050;1
4000182051;1
4000182053;0
4000182054;0
4000182055;0
4000182058;0
4000182059;0
4000182060;1
4000182062;1
4000182063;0
4000182064;0
4000182067;1
4000182068;1
4000182069;0
401835011;1
4018350112;0
4018350115;0
4018350116;1
4018350118;1
4018350119;1
4018350120;0
4018350121;1
4018350122;1
4018350126;1
4018350127;1
401835013;0
4018350130;0
4018350132;0
4018350134;0
4018350136;0
4018350137;1
4018350138;0
4018350139;0
4018350140;0
4018350141;0
4018350143;1
4018350144;0
4018350145;1
4018350146;1
4018350147;1
4018350149;0
401835015;1
4018350150;0
4018350152;0
4018350156;1
4018350157;0
4018350159;0
4018350160;1
4018350161;1
4018350162;0
4018350163;1
4018350166;0
4018350167;0
401835017;1
401835018;0
401835021;1
4018350213;1
4018350215;1
4018350217;1
4018350219;0
4018350220;0
4018350221;0
4018350222;1
4018350223;1
4018350224;0
4018350225;0
4018350226;0
4018350227;1
4018350231;1
4018350232;0
4018350233;1
4018350234;0
4018350236;1
4018350239;1
401835024;1
4018350240;0
4018350241;0
4018350244;0
4018350247;1
4018350251;1
4018350254;1
4018350256;0
4018350257;0
4018350258;0
4018350259;0
4018350260;0
4018350261;1
4018350263;0
4018350268;1
4018350269;1
4018350274;0
4018350276;1
4018350277;0
4018350279;0
401835028;1
4018350281;0
4018350282;1
4110211001;0
4110211004;0
4110211005;1
4110211006;1
4110211007;0
4110211008;1
4110211009;1
4110211011;1
4110211013;0
4110211014;1
4110211015;0
4110211016;1
4110211018;1
4110211019;0
4110211020;0
4110211021;0
4110211022;1
4110211023;1
4110211024;1
4110211025;1
4110211026;0
4110211027;0
4110211028;1
4110211030;0
4110211032;1
4110211033;1
4110211034;0
4110211035;0
4110211036;1
4110211037;1
4110211038;0
4110211039;1
4110211040;1
4110211041;1
4110211043;1
4110211044;0
4110211045;1
4110211046;1
4110211047;1
4110211048;0
4110211049;0
4110211050;1
4110211051;0
4110211052;0
4110211053;1
4110211054;0
4110211055;1
4110211056;0
4110211057;1
4110211058;0
4110211060;1
4110211061;1
4110211062;1
4110211063;0
4110211064;0
4110211065;1
4110211067;1
4110211068;1
4110211072;0
4110211073;0
4110211075;1
4110211076;0
4110211078;1
4110211079;1
4110211080;1
4110212003;1
4110212004;1
4110212007;0
4110212008;0
4110212009;0
4110212010;0
4110212011;1
4110212013;0
4110212014;0
4110212015;1
4110212016;0
4110212017;0
4110212018;1
4110212019;1
4110212021;0
4110212023;1
4110212024;1
4110212026;1
4110212027;0
4110212029;1
4110212030;1
4110212033;0
4110212034;1
4110212035;0
4110212036;1
4110212038;1
4110212039;1
4110212041;1
4110212042;0
4110212044;1
4110212045;0
4110212046;0
4110212047;1
4110212049;1
4110212050;1
4110212051;1
4110212052;0
4110212053;0
4110212054;0
4110212055;0
4110212056;1
4110212059;1
4110212061;0
4110212062;1
4110212063;1
4110212064;0
4110212069;1
4110311001;0
4110311003;0
4110311004;0
4110311005;0
4110311006;1
4110311012;1
4110311015;0
4110311017;1
4110311018;0
4110311019;0
4110311020;0
4110311021;1
4110311023;1
4110311030;0
4110311031;0
4110311032;0
4110311033;1
4110311034;1
4110311036;0
4110311037;1
4110311038;0
4110311042;0
4110311043;0
4110311044;0
4110311045;1
4110311046;1
4110311048;1
4110311049;1
4110311050;1
4110311053;0
4110311054;0
4110311057;0
4110311061;0
4110311062;1
4110311064;1
4110311065;0
4110311067;0
4110311068;0
4110311072;0
4110312006;0
4110312007;1
4110312008;1
4110312009;1
4110312013;0
4110312023;0
4110312024;0
4110312025;0
4110312027;0
4110312030;0
4110312031;1
4110312048;1
4110312049;0
4110312078;0
414081010;0
414081011;1
4140810110;0
4140810114;0
4140810117;1
4140810122;0
4140810124;0
4140810125;0
4140810126;0
4140810127;0
4140810128;0
4140810129;1
414081013;0
4140810132;1
4140810133;1
4140810135;0
4140810136;1
4140810138;0
4140810139;1
4140810140;1
4140810142;1
4140810143;0
4140810144;0
4140810145;0
4140810146;1
4140810148;0
414081015;1
4140810150;0
4140810151;0
4140810152;1
4140810153;1
4140810154;1
4140810158;0
4140810159;0
414081016;0
4140810162;1
4140810163;1
4140810164;0
4140810165;0
414081017;0
4140810171;1
4140810173;1
4140810175;1
4140810176;0
4140810179;0
414081018;0
4140810180;1
4140810181;0
4140810182;0
4140810183;0
4140810184;1
4140810185;0
414081019;0
414081021;0
4140810210;0
4140810211;1
4140810212;1
4140810215;0
4140810217;0
4140810219;1
4140810220;0
4140810221;1
4140810222;1
4140810223;0
4140810224;1
4140810225;1
4140810226;1
4140810228;0
4140810229;0
414081023;0
4140810230;0
4140810233;1
4140810234;1
4140810237;0
4140810239;0
4140810240;0
4140810242;0
4140810244;0
4140810246;0
4140810247;1
4140810249;1
414081025;0
4140810250;1
4140810251;0
4140810252;1
4140810253;1
4140810254;0
4140810255;0
4140810256;0
4140810257;0
4140810258;0
4140810259;0
414081026;0
4140810264;0
4140810265;1
4140810266;0
4140810268;1
4140810269;1
414081027;0
4140810270;0
4140810271;1
4140810272;0
4140810273;1
4140810274;1
4140810276;1
4140810277;1
4140810278;1
4140810279;1
414081028;0
4140810280;1
414081029;1
459999011;0
4599990110;0
4599990112;0
4599990113;1
4599990114;0
4599990116;0
4599990117;0
4599990118;1
4599990119;0
459999012;1
4599990120;1
4599990125;0
4599990126;1
4599990128;1
4599990129;1
459999013;1
4599990130;1
4599990131;1
4599990132;1
4599990133;1
4599990134;1
4599990136;0
4599990137;0
4599990139;0
4599990141;0
4599990144;1
4599990146;0
4599990148;1
4599990149;1
4599990153;1
4599990154;0
4599990155;0
459999016;0
4599990163;1
4599990165;0
4599990166;1
4599990168;0
459999017;0
4599990171;0
459999021;0
4599990211;1
4599990212;0
4599990214;1
4599990216;0
4599990218;0
459999022;1
4599990221;0
4599990222;0
4599990223;0
4599990224;0
4599990226;0
4599990231;1
4599990233;1
4599990234;0
4599990235;1
4599990238;1
459999024;1
4599990240;1
4599990241;1
4599990243;1
4599990244;0
4599990245;1
4599990246;0
4599990247;0
4599990248;1
4599990249;0
459999025;0
522129013;1
522129017;0
522129021;1
522129024;0
522129026;1
5221290110;1
5221290112;0
5221290115;1
5221290118;1
5221290121;1
5221290123;1
5221290126;0
5221290129;0
5221290132;0
5221290135;0
5221290138;0
5221290141;1
5221290144;0
5221290147;1
5221290150;1
5221290155;0
5221290161;1
5221290163;1
5221290165;0
5221290167;0
5221290171;0
5221290173;0
5221290175;1
5221290178;0
5221290180;0
5221290210;0
5221290213;0
5221290215;0
5221290217;0
5221290221;0
5221290223;0
5221290227;0
5221290230;1
5221290235;1
5221290238;1
5221290240;0
5221290247;0
5221290250;1
5221290252;0
5221290254;0
5221290256;0
5221290258;1
5221290263;0
5221290266;0
5221290269;1
5221290271;1
5221290273;0
5221290275;1
5221290280;1
5221290284;0
