ClipID;Boredom;Engagement;Confusion;Frustration 
4000221001.avi;0;2;0;0
4000221002.avi;1;3;0;0
4000221006.avi;1;2;0;0
4000221008.avi;0;3;0;0
4000221009.avi;2;2;0;0
4000221010.avi;2;2;1;1
4000221011.avi;2;2;1;0
4000221013.avi;3;2;0;0
4000221014.avi;2;2;0;1
4000221015.avi;3;2;3;0
4000221016.avi;0;3;0;0
4000221017.avi;0;3;0;0
4000221018.avi;0;2;0;0
4000221024.avi;3;2;0;1
4000221033.avi;1;2;0;0
4000221034.avi;2;2;0;0
4000221035.avi;2;2;0;0
4000221036.avi;3;2;0;0
4000221040.avi;1;1;1;1
4000221041.avi;2;2;0;0
4000221042.avi;3;3;1;0
4000221054.avi;0;2;0;0
4000221055.avi;3;2;0;0
4000221061.avi;0;3;0;0
4000221062.avi;2;3;0;0
4000221064.avi;1;2;0;1
4000221065.avi;3;2;0;0
4000221066.avi;2;2;0;0
4000221067.avi;0;2;1;0
4000221071.avi;2;2;0;0
4000221072.avi;2;2;0;0
4000222001.avi;0;3;0;0
4000222003.avi;2;2;0;1
4000222004.avi;2;3;0;0
4000222007.avi;2;2;0;0
4000222012.avi;0;3;0;0
4000222013.avi;2;2;0;1
4000222014.avi;2;2;1;1
4000222015.avi;2;2;1;1
4000222017.avi;2;2;0;0
4000222031.avi;1;1;0;0
4000222032.avi;2;0;2;2
4000222035.avi;3;2;0;0
4000222036.avi;2;1;0;0
4000222038.avi;1;3;0;0
4000222039.avi;2;3;0;0
4000222040.avi;2;2;1;0
4000222041.avi;2;1;0;0
4000222042.avi;3;2;0;0
4000222044.avi;3;2;1;0
4000222045.avi;0;2;0;0
4000222046.avi;0;3;0;0
4000222051.avi;2;2;0;0
4000222052.avi;2;2;0;0
4000222054.avi;0;3;0;1
4000222056.avi;1;2;0;0
4000222057.avi;1;2;0;0
4000222068.avi;2;2;2;2
4000222069.avi;2;2;2;2
4000222070.avi;2;3;0;0
4000231001.avi;0;3;0;0
4000231008.avi;1;2;0;0
4000231010.avi;0;2;0;0
4000231011.avi;0;3;0;0
4000231012.avi;1;3;1;0
4000231013.avi;1;2;1;0
4000231014.avi;0;2;0;0
4000231021.avi;0;3;0;0
4000231032.avi;0;3;0;0
4000231033.avi;1;2;1;1
4000231034.avi;0;2;0;1
4000231037.avi;0;3;1;1
4000231038.avi;0;3;0;0
4000231047.avi;1;2;0;0
4000231049.avi;0;2;1;0
4000231052.avi;1;2;1;0
4000231060.avi;0;2;0;0
4000231061.avi;1;2;0;0
4000231063.avi;1;2;0;0
4000231065.avi;0;3;0;0
4000231070.avi;0;3;2;0
4000231071.avi;1;2;0;0
4000231073.avi;0;2;0;0
4000231074.avi;0;3;0;0
4000231081.avi;0;3;0;0
4000232001.avi;0;2;1;0
4000232004.avi;0;2;0;0
4000232005.avi;1;2;0;0
4000232006.avi;0;2;0;0
4000232007.avi;0;3;0;0
4000232010.avi;0;2;0;0
4000232016.avi;0;3;0;0
4000232017.avi;0;3;0;0
4000232018.avi;0;3;0;0
4000232022.avi;2;2;0;0
4000232024.avi;0;2;0;0
4000232027.avi;0;3;0;0
4000232034.avi;0;2;0;0
4000232035.avi;2;3;0;0
4000232036.avi;0;3;1;1
4000232037.avi;0;2;0;0
4000232038.avi;0;2;0;0
4000232042.avi;1;2;1;0
4000232044.avi;0;3;0;0
4000232045.avi;0;3;0;0
4000232048.avi;0;2;0;0
4000232051.avi;0;2;0;0
4000232054.avi;1;2;0;0
4000232059.avi;2;2;0;0
4000232062.avi;2;2;0;0
4000232065.avi;0;2;0;0
4000232068.avi;1;3;0;0
4000232071.avi;2;1;0;2
4000232072.avi;1;2;0;0
4000301002.avi;2;2;0;0
4000301003.avi;2;2;1;1
4000301005.avi;3;1;0;2
4000301006.avi;2;1;1;0
4000301007.avi;2;2;0;1
4000301008.avi;1;2;0;0
4000301010.avi;2;1;0;0
4000301011.avi;2;0;0;0
4000301012.avi;3;2;0;0
4000301013.avi;1;2;0;0
4000301014.avi;1;2;0;0
4000301015.avi;3;2;0;0
4000301016.avi;0;2;0;0
4000301018.avi;0;2;0;0
4000301019.avi;2;2;1;0
4000301020.avi;1;2;0;0
4000301021.avi;2;1;0;0
4000301022.avi;2;3;1;0
4000301023.avi;0;3;0;0
4000301025.avi;0;3;0;0
4000301026.avi;0;2;0;0
4000301027.avi;0;2;2;0
4000301028.avi;3;0;0;0
4000301030.avi;0;0;0;0
4000301031.avi;3;2;0;0
4000301032.avi;0;3;0;0
4000301034.avi;1;2;0;0
4000301038.avi;0;3;0;0
4000301039.avi;0;3;0;0
4000301040.avi;3;3;0;0
4000301041.avi;0;3;0;0
4000301042.avi;0;0;0;0
4000301043.avi;0;3;0;0
4000301044.avi;0;2;1;0
4000301045.avi;0;3;0;0
4000301047.avi;0;3;0;0
4000301049.avi;3;1;0;0
4000301052.avi;0;3;0;0
4000301053.avi;0;2;0;0
4000301054.avi;1;2;0;0
4000301055.avi;2;1;1;1
4000301056.avi;1;2;0;0
4000301057.avi;0;2;0;0
4000301058.avi;3;2;0;0
4000301059.avi;0;2;0;0
4000301060.avi;1;1;0;0
4000301061.avi;2;2;0;0
4000301062.avi;0;2;0;0
4000301063.avi;0;3;0;0
4000301064.avi;0;2;0;0
4000301065.avi;2;1;0;1
4000301066.avi;3;1;0;0
4000301067.avi;3;1;0;0
4000301068.avi;3;2;0;0
4000301069.avi;2;2;0;0
4000301070.avi;3;0;1;0
4000301071.avi;3;2;0;0
4000301072.avi;0;3;0;0
4000301073.avi;0;3;0;0
4000301074.avi;0;2;0;0
4000301076.avi;3;2;0;0
4000301079.avi;3;2;0;0
4000331001.avi;0;2;0;0
4000331002.avi;0;2;0;0
4000331003.avi;0;3;0;0
4000331004.avi;0;3;0;0
4000331005.avi;0;3;0;0
4000331006.avi;0;3;1;1
4000331007.avi;0;2;0;0
4000331008.avi;0;3;0;0
4000331011.avi;0;3;0;0
4000331012.avi;0;3;0;0
4000331013.avi;2;2;2;0
4000331015.avi;1;2;1;2
4000331017.avi;2;2;0;1
4000331019.avi;0;3;0;0
4000331020.avi;0;3;0;0
4000331021.avi;1;2;1;1
4000331022.avi;1;2;1;0
4000331023.avi;0;3;0;0
4000331025.avi;1;3;0;0
4000331027.avi;0;3;0;0
4000331029.avi;1;2;0;0
4000331030.avi;0;2;0;0
4000331031.avi;0;2;0;0
4000331032.avi;0;2;0;0
4000331033.avi;1;3;0;0
4000331035.avi;0;3;0;0
4000331036.avi;2;2;0;0
4000331037.avi;2;2;1;1
4000331038.avi;0;3;0;0
4000331039.avi;1;2;1;0
4000331040.avi;1;2;0;0
4000331041.avi;1;2;0;0
4000331042.avi;0;3;0;0
4000331043.avi;1;3;0;0
4000331044.avi;1;3;0;1
4000331045.avi;0;2;0;0
4000331046.avi;0;2;0;0
4000331051.avi;2;2;0;0
4000331052.avi;0;3;0;0
4000331053.avi;0;3;0;0
4000331054.avi;0;2;2;1
4000331055.avi;2;2;0;0
4000331056.avi;1;2;2;0
4000331057.avi;0;3;0;2
4000331058.avi;1;2;1;2
4000331060.avi;1;2;0;0
4000331062.avi;0;2;0;0
4000331063.avi;2;2;0;0
4000331064.avi;2;2;2;2
4000331067.avi;0;3;1;0
4000331068.avi;0;2;0;0
4000331069.avi;0;2;0;1
4000332001.avi;0;2;0;0
4000332002.avi;1;2;0;0
4000332007.avi;0;2;0;0
4000332008.avi;1;3;0;0
4000332009.avi;0;2;1;0
4000332010.avi;1;2;0;0
4000332012.avi;1;2;2;0
4000332013.avi;0;2;0;0
4000332014.avi;0;3;0;0
4000332015.avi;2;2;1;1
4000332017.avi;0;3;0;0
4000332019.avi;0;2;0;0
4000332020.avi;0;2;0;0
4000332021.avi;1;2;0;0
4000332022.avi;1;2;0;0
4000332023.avi;1;2;1;1
4000332025.avi;0;3;0;0
4000332027.avi;0;2;0;0
4000332030.avi;2;3;0;0
4000332031.avi;2;2;0;0
4000332032.avi;1;2;0;0
4000332034.avi;1;3;0;0
4000332035.avi;0;2;0;0
4000332036.avi;1;3;0;0
4000332037.avi;1;3;1;0
4000332038.avi;1;2;0;0
4000332039.avi;1;2;1;1
4000332041.avi;0;3;0;0
4000332044.avi;0;3;0;0
4000332045.avi;2;3;0;0
4000332046.avi;2;2;2;1
4000332048.avi;0;3;0;0
4000332050.avi;0;3;2;2
4000332051.avi;2;2;0;0
4000332052.avi;0;2;0;0
4000332057.avi;1;2;0;0
4000332059.avi;2;2;1;2
4000332060.avi;0;3;2;0
4000332061.avi;1;2;0;0
4000332062.avi;0;2;0;0
4000332063.avi;0;3;0;0
4000332064.avi;1;2;0;0
4000332066.avi;0;3;0;0
4000332067.avi;0;3;0;0
4000332068.avi;0;3;0;0
4000332071.avi;1;2;0;1
4000332072.avi;2;2;0;0
4000332073.avi;2;2;2;0
4000332074.avi;1;3;2;1
4000332075.avi;2;2;2;2
4000332077.avi;3;3;1;3
4000332078.avi;2;2;0;1
4000332079.avi;1;3;1;2
4000332080.avi;0;3;0;0
4000332081.avi;0;2;0;2
4000332082.avi;3;1;2;0
4100191001.avi;2;2;0;0
4100191002.avi;0;2;0;1
4100191003.avi;1;3;1;1
4100191004.avi;0;3;0;0
4100191006.avi;2;2;0;0
4100191007.avi;1;2;0;0
4100191008.avi;2;1;2;1
4100191010.avi;1;2;2;0
4100191012.avi;1;2;3;0
4100191014.avi;2;2;0;0
4100191016.avi;1;2;1;0
4100191017.avi;2;2;2;1
4100191018.avi;3;3;0;0
4100191020.avi;3;3;2;1
4100191021.avi;2;2;0;1
4100191023.avi;1;2;2;1
4100191024.avi;2;2;2;2
4100191025.avi;2;2;1;0
4100191026.avi;1;2;0;0
4100191030.avi;3;3;0;0
4100191031.avi;2;2;1;1
4100191032.avi;3;2;0;0
4100191033.avi;3;0;1;0
4100191034.avi;2;3;2;0
4100191035.avi;2;2;0;0
4100191038.avi;2;2;0;1
4100191039.avi;2;2;0;0
4100191041.avi;2;1;0;0
4100191042.avi;2;2;2;1
4100191043.avi;2;2;0;0
4100191045.avi;2;2;0;0
4100191046.avi;2;2;0;0
4100191052.avi;2;2;1;0
4100191053.avi;2;2;0;0
4100192001.avi;2;2;0;0
4100192002.avi;2;2;1;1
4100192003.avi;0;2;0;0
4100192004.avi;2;2;0;0
4100192005.avi;1;2;0;0
4100192006.avi;2;3;0;0
4100192007.avi;3;2;0;2
4100192010.avi;2;1;1;2
4100192011.avi;2;1;0;1
4100192012.avi;2;2;0;2
4100192013.avi;2;2;1;0
4100192014.avi;3;3;0;0
4100192015.avi;2;1;0;2
4100192016.avi;0;1;0;0
4100192019.avi;2;2;1;0
4100192020.avi;2;2;2;0
4100192022.avi;2;2;0;0
4100192023.avi;0;3;0;0
4100192024.avi;2;2;0;0
4100192025.avi;0;3;0;0
4100192026.avi;3;0;0;0
4100192027.avi;2;2;1;1
4100192028.avi;3;3;0;0
4100192029.avi;3;0;3;0
4100192031.avi;3;1;0;2
4100192032.avi;2;3;0;0
4100192033.avi;0;2;1;1
4100192034.avi;2;2;1;0
4100192036.avi;2;2;0;0
4100192037.avi;2;2;3;2
4100192038.avi;2;2;1;2
4100192039.avi;2;2;0;0
4100192040.avi;2;2;2;2
4100192043.avi;2;2;1;1
4100192044.avi;2;2;0;0
4100192045.avi;3;2;0;0
4100192046.avi;2;2;0;0
4100192047.avi;3;3;0;0
4100192048.avi;2;2;2;2
4100192049.avi;3;1;1;1
4100192050.avi;2;2;0;0
4100192051.avi;1;2;0;0
4100192052.avi;1;2;0;0
4100192053.avi;3;1;1;0
4100192054.avi;2;2;2;2
4100192055.avi;3;2;0;0
4100192056.avi;3;2;0;0
4100192057.avi;0;3;0;0
4100192058.avi;1;2;0;0
4100192060.avi;2;1;1;1
4100192061.avi;0;2;0;0
4100192062.avi;2;3;0;0
4100192063.avi;2;2;0;0
4100192066.avi;1;2;0;0
4100192068.avi;2;2;0;0
4100201001.avi;0;3;0;0
4100201003.avi;2;2;1;0
4100201004.avi;0;3;0;0
4100201005.avi;1;2;1;1
4100201006.avi;2;2;1;1
4100201007.avi;1;2;1;1
4100201008.avi;0;3;0;0
4100201009.avi;1;2;0;0
4100201010.avi;0;3;0;0
4100201011.avi;3;2;0;0
4100201013.avi;2;3;1;0
4100201014.avi;0;3;0;0
4100201016.avi;2;2;0;0
4100201017.avi;0;3;0;0
4100201018.avi;0;3;0;0
4100201020.avi;0;3;0;0
4100201021.avi;1;2;0;1
4100201022.avi;0;3;0;0
4100201023.avi;1;3;0;0
4100201024.avi;0;3;0;0
4100201025.avi;0;3;0;0
4100201026.avi;0;2;2;0
4100201027.avi;0;2;0;0
4100201030.avi;3;1;0;0
4100201031.avi;0;3;0;0
4100201032.avi;3;1;1;0
4100201033.avi;3;2;0;0
4100201034.avi;2;2;0;0
4100201035.avi;2;3;1;0
4100201039.avi;1;1;2;1
4100201040.avi;0;3;0;0
4100201041.avi;0;2;0;0
4100201042.avi;2;3;0;0
4100201043.avi;2;1;2;2
4100201044.avi;3;2;1;0
4100201045.avi;0;2;0;0
4100201046.avi;1;2;1;1
4100201048.avi;2;2;0;0
4100201049.avi;1;3;0;0
4100201051.avi;1;3;0;0
4100201052.avi;0;2;0;0
4100201053.avi;2;2;0;0
4100201054.avi;0;3;0;0
4100201055.avi;0;3;0;0
4100201056.avi;0;2;2;0
4100201058.avi;2;3;1;0
4100201059.avi;1;2;0;0
4100201060.avi;1;2;0;0
4100201061.avi;0;0;0;0
4100201062.avi;1;3;1;1
4100201063.avi;0;2;0;0
4100201064.avi;0;2;0;0
4100201068.avi;0;3;0;0
4100201069.avi;0;3;1;1
4100201071.avi;1;2;0;0
4100201072.avi;1;3;1;0
4100201073.avi;0;3;0;0
4100201074.avi;0;2;1;0
4100201075.avi;0;3;1;0
4100201076.avi;1;2;2;1
4100201078.avi;0;3;0;0
4100201079.avi;2;3;1;0
4100201081.avi;0;2;0;0
4100201082.avi;1;2;0;0
4100202001.avi;1;2;0;0
4100202004.avi;2;2;1;0
4100202005.avi;2;2;0;0
4100202006.avi;2;2;1;1
4100202007.avi;0;3;0;0
4100202008.avi;1;3;0;0
4100202009.avi;0;3;0;0
4100202010.avi;0;2;0;0
4100202011.avi;0;2;0;0
4100202012.avi;0;2;1;1
4100202013.avi;2;2;1;1
4100202014.avi;0;1;0;1
4100202015.avi;0;3;0;1
4100202016.avi;2;3;1;0
4100202017.avi;0;3;0;0
4100202018.avi;2;2;0;0
4100202019.avi;0;3;1;0
4100202021.avi;1;3;0;0
4100202022.avi;2;2;0;0
4100202023.avi;0;3;0;0
4100202024.avi;2;2;1;1
4100202025.avi;2;2;0;1
4100202032.avi;2;2;0;0
4100202037.avi;1;2;1;1
4100202039.avi;1;2;2;1
4100202040.avi;2;2;0;2
4100202041.avi;3;3;0;0
4100202042.avi;2;2;2;0
4100202043.avi;1;3;0;0
4100202045.avi;2;2;0;0
4100202046.avi;1;1;2;1
4100202048.avi;1;2;0;0
4100202052.avi;1;2;0;0
4100202053.avi;0;2;0;0
4100202054.avi;1;3;0;0
4100202055.avi;0;3;2;0
4100202056.avi;1;2;0;0
4100202063.avi;2;3;2;0
4100202065.avi;2;1;0;0
4100202067.avi;0;3;0;0
4100202068.avi;1;2;0;0
4100241001.avi;2;2;0;2
4100241002.avi;2;2;2;0
4100241003.avi;1;2;0;0
4100241004.avi;2;2;0;0
4100241006.avi;2;2;2;0
4100241007.avi;2;2;0;0
4100241008.avi;1;2;1;2
4100241009.avi;0;2;1;0
4100241011.avi;0;2;2;0
4100241013.avi;1;2;1;0
4100241016.avi;0;3;0;0
4100241017.avi;0;2;2;0
4100241018.avi;0;3;0;0
4100241020.avi;2;2;2;2
4100241029.avi;1;1;1;1
4100241030.avi;0;2;2;0
4100241031.avi;0;2;2;1
4100241042.avi;2;2;2;1
4100241045.avi;1;2;1;1
4100241046.avi;0;3;0;0
4100241049.avi;1;2;0;0
4100241051.avi;1;3;1;1
4100241052.avi;0;3;2;1
4100241053.avi;1;3;0;0
4100241054.avi;1;2;1;1
4100241055.avi;0;1;0;0
4100241056.avi;0;3;0;0
4100241059.avi;2;1;0;0
4100241060.avi;0;3;0;0
4100241061.avi;2;3;0;0
4100241062.avi;0;2;2;0
4100241063.avi;0;3;1;0
4100241064.avi;0;2;2;0
4100241068.avi;1;1;1;0
4100241069.avi;0;3;0;0
4100241075.avi;0;3;0;0
4100242001.avi;2;2;0;0
4100242002.avi;2;2;2;0
4100242003.avi;2;1;0;1
4100242004.avi;1;3;1;1
4100242005.avi;2;2;2;2
4100242006.avi;2;2;2;1
4100242008.avi;3;2;0;0
4100242011.avi;2;2;2;1
4100242020.avi;2;2;0;1
4100242021.avi;1;2;0;1
4100242029.avi;1;2;0;0
4100242031.avi;2;2;0;0
4100242032.avi;3;0;2;1
4100242033.avi;3;1;0;0
4100242034.avi;3;2;1;0
4100242035.avi;3;1;0;0
4100242036.avi;2;2;0;1
4100242037.avi;2;2;0;0
4100242038.avi;2;2;0;0
4100242040.avi;2;2;2;2
4100242045.avi;3;2;2;2
4100242048.avi;0;3;1;1
4100242050.avi;1;2;1;1
4100242053.avi;0;2;0;2
4100242054.avi;3;2;2;0
4100242057.avi;0;1;0;1
4100242059.avi;3;2;0;3
4100242060.avi;2;2;0;0
4100242063.avi;2;1;3;2
4100242065.avi;3;2;1;2
4100242066.avi;2;2;0;0
4100242067.avi;2;2;1;0
4100251003.avi;2;2;0;0
4100251004.avi;0;3;0;0
4100251005.avi;1;3;1;2
4100251006.avi;2;1;0;0
4100251010.avi;0;3;0;0
4100251011.avi;1;2;0;1
4100251012.avi;2;2;2;3
4100251013.avi;3;2;0;0
4100251014.avi;3;2;0;0
4100251015.avi;3;3;2;0
4100251016.avi;2;1;2;3
4100251017.avi;2;2;0;1
4100251018.avi;3;2;2;0
4100251019.avi;2;2;2;2
4100251020.avi;2;1;2;2
4100251021.avi;2;1;0;0
4100251022.avi;2;2;0;0
4100251024.avi;1;1;1;0
4100251026.avi;3;3;1;1
4100251027.avi;3;1;1;1
4100251028.avi;3;1;0;0
4100251029.avi;3;1;0;1
4100251030.avi;3;2;1;1
4100251031.avi;2;2;0;0
4100251032.avi;2;1;0;0
4100251033.avi;3;1;2;0
4100251034.avi;2;2;2;3
4100251035.avi;3;2;0;3
4100251036.avi;3;1;1;2
4100251038.avi;3;1;2;0
4100251039.avi;3;2;3;2
4100251040.avi;2;2;0;0
4100251041.avi;2;1;2;2
4100251042.avi;3;2;0;0
4100251044.avi;1;2;0;2
4100251046.avi;1;1;1;1
4100251047.avi;0;2;0;0
4100251048.avi;2;2;0;0
4100251049.avi;2;1;0;2
4100251051.avi;2;2;0;0
4100251052.avi;0;2;0;0
4100251053.avi;2;3;1;0
4100251054.avi;0;3;0;0
4100251056.avi;2;2;2;0
4100251057.avi;3;0;0;0
4100251059.avi;2;2;0;0
4100251060.avi;2;2;1;1
4100251061.avi;3;1;0;0
4100251062.avi;2;2;0;0
4100251063.avi;2;2;0;3
4100251064.avi;2;2;0;0
4100251065.avi;2;2;2;1
4100251068.avi;3;1;2;2
4100251069.avi;2;2;2;1
4100251070.avi;2;2;0;0
4100252001.avi;1;2;0;1
4100252003.avi;2;2;0;0
4100252004.avi;0;3;0;0
4100252005.avi;2;2;0;1
4100252007.avi;0;3;0;0
4100252010.avi;2;2;0;0
4100252011.avi;3;2;0;0
4100252012.avi;1;3;0;0
4100252013.avi;0;2;1;0
4100252014.avi;2;2;1;1
4100252015.avi;2;2;0;0
4100252016.avi;2;2;0;1
4100252019.avi;3;2;1;1
4100252021.avi;2;2;0;0
4100252022.avi;1;2;1;1
4100252023.avi;2;2;0;0
4100252024.avi;1;3;0;2
4100252027.avi;2;2;0;0
4100252031.avi;2;3;0;0
4100252032.avi;0;2;0;2
4100252033.avi;2;2;2;2
4100252034.avi;2;2;1;0
4100252035.avi;1;2;0;0
4100252036.avi;3;1;0;0
4100252037.avi;1;3;0;0
4100252038.avi;2;2;2;2
4100252039.avi;3;2;0;0
4100252040.avi;2;2;0;0
4100252041.avi;3;1;0;0
4100252043.avi;0;3;0;0
4100252044.avi;3;1;1;2
4100252045.avi;2;3;0;0
4100252048.avi;2;2;0;0
4100252049.avi;2;3;0;0
4100252050.avi;0;3;0;0
4100252051.avi;2;3;0;0
4100252053.avi;2;2;0;0
4100252054.avi;1;2;0;0
4100252055.avi;2;2;0;1
4100252056.avi;0;3;0;0
4100252057.avi;0;3;0;0
4100252058.avi;1;2;0;0
4100252060.avi;0;2;0;0
4100252061.avi;2;1;1;0
4100252062.avi;0;3;1;0
4100252063.avi;0;3;0;0
4100252066.avi;0;2;0;1
4100252069.avi;2;2;0;1
4100252070.avi;0;3;0;0
4100252071.avi;0;2;1;0
4100252072.avi;2;3;0;0
4100252073.avi;0;2;0;0
4100252074.avi;0;2;0;0
4100252075.avi;1;2;2;2
4100252076.avi;3;2;0;2
4100252078.avi;1;2;1;0
4100252081.avi;2;2;1;0
4100261001.avi;0;2;0;0
4100261002.avi;1;2;1;1
4100261003.avi;2;3;0;0
4100261004.avi;0;2;0;0
4100261005.avi;1;1;0;0
4100261006.avi;2;1;2;1
4100261007.avi;0;3;0;0
4100261010.avi;1;2;0;1
4100261012.avi;1;2;1;0
4100261013.avi;1;2;0;0
4100261015.avi;2;2;0;0
4100261016.avi;2;3;0;0
4100261020.avi;2;2;1;1
4100261023.avi;0;2;0;0
4100261025.avi;2;2;0;0
4100261027.avi;1;1;0;1
4100261028.avi;2;2;0;0
4100261029.avi;1;2;0;0
4100261030.avi;2;1;0;0
4100261031.avi;0;2;1;0
4100261032.avi;1;2;0;1
4100261033.avi;0;3;0;0
4100261034.avi;2;1;1;0
4100261035.avi;0;3;0;0
4100261036.avi;2;2;0;0
4100261038.avi;1;2;0;0
4100261041.avi;2;1;1;0
4100261044.avi;2;2;1;1
4100261045.avi;2;2;0;0
4100261046.avi;2;2;0;1
4100261047.avi;1;2;0;0
4100261048.avi;1;2;0;1
4100261049.avi;3;2;0;0
4100261050.avi;1;1;1;2
4100261055.avi;3;3;0;0
4100261056.avi;2;1;0;0
4100261057.avi;2;2;1;1
4100261058.avi;1;1;0;0
4100261060.avi;2;2;2;0
4100261061.avi;1;2;1;1
4100262001.avi;2;2;0;0
4100262003.avi;2;2;2;1
4100262004.avi;3;1;0;0
4100262006.avi;2;0;2;0
4100262007.avi;1;2;1;0
4100262008.avi;2;2;0;0
4100262009.avi;2;2;2;0
4100262010.avi;1;2;2;1
4100262014.avi;1;2;0;0
4100262015.avi;0;3;0;0
4100262016.avi;2;2;0;1
4100262017.avi;1;3;2;1
4100262018.avi;1;2;1;1
4100262019.avi;0;2;0;0
4100262020.avi;2;2;2;0
4100262022.avi;2;2;2;2
4100262023.avi;2;2;2;0
4100262024.avi;1;2;1;0
4100262025.avi;0;2;1;1
4100262027.avi;2;2;2;1
4100262034.avi;2;1;1;1
4100262035.avi;2;2;1;0
4100262037.avi;0;3;1;3
4100262038.avi;2;2;1;0
4100262040.avi;2;2;1;0
4100262041.avi;0;2;2;0
4100262042.avi;1;2;1;1
4100262043.avi;0;3;2;0
4100262044.avi;0;2;1;0
4100262045.avi;2;2;1;1
4100262046.avi;0;3;1;1
4100262047.avi;0;2;1;0
4100262052.avi;2;2;1;0
4100262053.avi;1;2;1;1
4100262056.avi;0;1;0;0
4100262057.avi;1;2;1;1
4100262060.avi;0;2;3;1
4100262063.avi;1;2;0;0
4100262064.avi;2;2;1;1
4100262065.avi;1;2;2;1
4100262066.avi;0;2;2;0
4100262067.avi;0;2;2;1
4100262068.avi;1;2;2;0
4100262069.avi;2;3;1;0
4100262070.avi;2;2;1;0
4100271007.avi;0;2;0;0
4100271008.avi;2;2;2;1
4100271009.avi;3;2;1;0
4100271010.avi;2;3;0;0
4100271011.avi;1;3;0;1
4100271012.avi;0;2;0;0
4100271026.avi;0;2;0;0
4100271028.avi;2;2;0;0
4100271029.avi;2;2;1;2
4100271030.avi;2;2;1;0
4100271032.avi;1;3;0;1
4100271033.avi;0;3;0;0
4100271034.avi;1;3;0;0
4100271038.avi;2;1;2;2
4100271039.avi;2;2;1;0
4100271041.avi;2;1;1;2
4100271042.avi;0;2;0;0
4100271043.avi;0;3;1;1
4100271056.avi;2;1;1;0
4100272024.avi;1;2;0;1
4100272029.avi;1;3;0;0
4100272033.avi;2;3;0;0
4100272034.avi;1;2;2;0
4100272036.avi;0;3;0;0
4100272037.avi;1;2;0;0
4100272043.avi;0;3;0;0
4100272051.avi;2;2;1;2
4100272052.avi;2;2;0;0
4100272056.avi;1;3;0;0
4100281001.avi;2;2;2;0
4100281002.avi;0;2;1;0
4100281015.avi;3;2;1;0
4100281016.avi;2;2;2;0
4100281019.avi;2;3;0;0
4100281022.avi;2;2;1;0
4100281023.avi;2;2;2;1
4100281027.avi;2;2;0;0
4100281029.avi;2;2;2;3
4100281030.avi;2;2;2;1
4100281032.avi;1;1;1;1
4100281033.avi;2;2;0;0
4100281034.avi;1;2;0;1
4100281035.avi;0;2;0;0
4100281036.avi;2;2;0;0
4100281037.avi;2;2;0;0
4100281041.avi;2;3;2;0
4100281042.avi;2;2;2;0
4100281045.avi;3;2;1;0
4100281046.avi;0;1;0;0
4100281048.avi;2;2;2;1
4100281049.avi;2;2;2;3
4100281050.avi;2;2;1;1
4100281052.avi;1;2;0;0
4100281053.avi;2;1;1;0
4100281054.avi;1;2;0;0
4100281057.avi;2;2;0;0
4100281058.avi;2;2;0;2
4100281059.avi;3;2;3;3
4100281060.avi;1;3;1;0
4100281061.avi;1;2;2;0
4100281062.avi;2;2;0;0
4100281063.avi;2;2;0;0
4100281066.avi;1;2;2;2
4100281067.avi;3;0;0;1
4100281068.avi;2;2;2;0
4100281070.avi;2;1;2;3
4100281072.avi;2;2;2;0
4100281075.avi;2;2;0;0
4100281076.avi;2;1;0;0
4100281078.avi;1;3;1;1
4100281079.avi;2;2;1;0
4100281080.avi;2;2;0;0
4100281081.avi;2;2;1;0
4100282001.avi;2;2;2;1
4100282002.avi;2;2;2;1
4100282003.avi;1;3;1;0
4100282004.avi;2;2;3;3
4100282005.avi;0;2;3;0
4100282007.avi;0;2;0;0
4100282008.avi;0;2;1;0
4100282009.avi;1;1;2;0
4100282012.avi;1;2;0;2
4100282013.avi;0;2;1;0
4100282014.avi;0;3;0;0
4100282015.avi;1;2;0;1
4100282017.avi;1;3;1;2
4100282018.avi;1;2;1;0
4100282019.avi;1;3;0;0
4100282020.avi;3;3;2;2
4100282021.avi;0;3;0;0
4100282022.avi;0;3;1;0
4100282023.avi;2;2;0;0
4100282024.avi;0;3;0;2
4100282033.avi;1;2;0;0
4100282043.avi;0;2;0;0
4100282048.avi;2;2;0;0
4100282053.avi;2;3;0;0
4100282057.avi;2;2;1;0
4100282058.avi;2;2;2;2
4100282066.avi;2;1;2;1
4100282067.avi;2;2;0;0
4100282068.avi;2;2;0;0
4100282070.avi;0;2;0;1
4100291002.avi;2;2;1;1
4100291003.avi;2;3;0;0
4100291004.avi;0;2;0;0
4100291005.avi;2;2;0;0
4100291006.avi;3;1;0;2
4100291007.avi;3;1;0;0
4100291008.avi;1;2;0;0
4100291009.avi;2;2;2;0
4100291010.avi;2;1;1;0
4100291011.avi;2;2;2;3
4100291012.avi;0;2;0;0
4100291014.avi;2;2;0;0
4100291015.avi;2;2;0;0
4100291016.avi;2;2;2;0
4100291017.avi;0;2;1;2
4100291018.avi;2;2;1;1
4100291019.avi;2;1;0;1
4100291021.avi;1;2;0;1
4100291022.avi;2;2;0;1
4100291025.avi;2;2;1;0
4100291026.avi;1;1;0;1
4100291027.avi;3;1;0;0
4100291028.avi;2;2;0;0
4100291032.avi;2;1;0;0
4100291033.avi;2;2;0;0
4100291034.avi;0;2;0;0
4100291036.avi;2;1;0;0
4100291037.avi;0;2;0;0
4100291039.avi;1;2;0;0
4100291040.avi;3;2;2;1
4100291041.avi;2;1;2;3
4100291043.avi;2;2;0;0
4100291046.avi;2;2;0;1
4100291047.avi;2;2;1;1
4100291048.avi;2;2;3;0
4100291049.avi;2;2;1;0
4100291050.avi;2;2;0;0
4100291051.avi;2;2;1;1
4100291055.avi;2;2;0;0
4100291056.avi;2;2;0;0
4100291059.avi;2;2;0;0
4100291060.avi;0;3;0;0
4100291061.avi;2;2;0;1
4100291062.avi;0;2;0;0
4100291063.avi;0;3;0;0
4100291064.avi;2;3;0;0
4100291065.avi;0;2;0;0
4100291070.avi;2;1;1;1
4100291073.avi;0;1;0;0
4100291074.avi;2;2;0;0
4100291076.avi;2;2;1;1
4100291077.avi;2;2;1;0
4100291078.avi;2;1;2;1
4100291079.avi;2;2;0;0
4100291080.avi;2;2;0;0
4100291081.avi;2;1;1;1
4100291082.avi;2;1;0;0
4100291083.avi;2;2;1;1
4100291084.avi;3;1;2;0
4100292001.avi;1;2;0;1
4100292003.avi;0;2;0;0
4100292005.avi;1;2;0;0
4100292008.avi;1;2;0;0
4100292010.avi;0;2;0;0
4100292016.avi;2;2;0;0
4100292019.avi;0;2;0;0
4100292020.avi;2;2;0;0
4100292021.avi;1;3;0;0
4100292022.avi;2;2;0;0
4100292023.avi;1;2;0;0
4100292024.avi;2;3;1;0
4100292025.avi;0;2;0;0
4100292026.avi;0;2;0;0
4100292027.avi;0;2;0;0
4100292028.avi;1;2;1;0
4100292035.avi;2;2;0;0
4100292036.avi;1;3;0;1
4100292037.avi;1;2;0;0
4100292040.avi;1;2;0;0
4100292041.avi;1;2;0;0
4100292042.avi;0;3;0;0
4100292043.avi;0;2;1;0
4100292044.avi;0;3;0;0
4100292045.avi;1;3;0;0
4100292046.avi;0;3;0;0
4100292048.avi;2;1;0;0
4100292049.avi;1;2;0;0
4100292050.avi;1;2;1;1
4100292052.avi;2;2;0;0
4100292053.avi;1;2;1;0
4100292056.avi;2;2;1;0
4100292057.avi;0;2;0;0
4100292059.avi;0;2;0;0
4100292060.avi;0;2;0;0
4100292061.avi;0;3;0;0
4100292062.avi;1;2;1;1
4100292063.avi;1;2;0;0
4100292064.avi;0;3;0;0
4100292065.avi;0;2;0;0
4100292066.avi;0;3;0;0
4100292067.avi;0;3;0;0
4100292068.avi;0;3;0;0
4100292069.avi;1;2;0;0
4100292070.avi;0;2;0;0
4100292071.avi;0;2;0;0
4100292072.avi;1;3;0;0
4100292073.avi;0;3;0;0
4100292074.avi;0;2;2;0
4100292075.avi;0;3;0;0
4100292077.avi;0;2;0;0
4100292078.avi;0;3;0;0
4100292079.avi;0;2;0;0
4100292081.avi;1;3;1;0
4100292083.avi;0;3;0;0
4100292084.avi;2;2;0;0
4100292085.avi;0;3;0;0
4100292087.avi;0;2;0;1
4100292088.avi;1;2;0;0
4100302002.avi;0;3;0;0
4100302013.avi;3;1;0;0
4100302014.avi;1;3;0;1
4100302016.avi;3;1;1;1
4100302017.avi;2;2;0;0
4100302018.avi;3;1;0;1
4100302019.avi;3;2;0;0
4100302020.avi;2;2;0;0
4100302024.avi;2;2;2;2
4100302028.avi;0;3;0;1
4100302030.avi;2;1;1;0
4100302040.avi;3;0;0;1
4100302041.avi;2;2;0;0
4100302042.avi;3;0;0;0
4100302043.avi;2;1;2;0
4100302044.avi;3;0;0;0
4100302045.avi;3;0;0;0
4100302046.avi;0;2;0;0
4100302047.avi;3;2;2;1
4100302048.avi;3;1;0;0
4100302049.avi;2;3;0;0
4100302050.avi;2;2;0;0
4100302051.avi;2;2;1;0
4100302052.avi;3;2;0;0
4100302053.avi;0;2;0;0
4100302054.avi;0;3;0;0
4100302055.avi;3;1;0;0
4100302058.avi;3;0;0;1
4100302061.avi;1;2;0;1
4100302063.avi;3;2;0;0
4100302064.avi;3;0;0;0
4100302066.avi;1;1;0;0
4100302067.avi;3;3;0;0
4100302068.avi;2;2;0;0
4100302069.avi;2;3;1;1
4100321001.avi;1;1;0;1
4100321002.avi;0;2;1;0
4100321003.avi;0;3;0;0
4100321004.avi;2;2;0;0
4100321005.avi;0;3;0;0
4100321006.avi;1;2;1;0
4100321008.avi;2;2;0;0
4100321009.avi;2;1;1;0
4100321010.avi;2;3;0;0
4100321011.avi;1;2;0;0
4100321012.avi;0;2;0;0
4100321014.avi;2;2;0;2
4100321015.avi;0;3;0;0
4100321016.avi;1;2;0;0
4100321019.avi;0;1;0;1
4100321020.avi;1;2;0;0
4100321021.avi;2;2;0;0
4100321022.avi;2;3;0;0
4100321023.avi;0;3;0;0
4100321024.avi;0;3;0;0
4100321026.avi;0;3;0;0
4100321027.avi;2;3;0;0
4100321028.avi;1;3;0;0
4100321029.avi;0;2;0;0
4100321030.avi;0;3;0;0
4100321032.avi;0;3;0;0
4100321033.avi;0;2;0;1
4100321034.avi;0;2;0;0
4100321037.avi;0;3;0;0
4100321038.avi;0;3;0;0
4100321039.avi;1;2;0;1
4100321041.avi;0;3;0;0
4100321042.avi;3;1;0;0
4100321043.avi;2;1;0;0
4100321044.avi;2;1;2;0
4100321045.avi;2;2;0;0
4100321046.avi;0;3;0;0
4100321049.avi;2;3;0;0
4100321051.avi;2;2;0;0
4100321052.avi;2;3;0;0
4100321053.avi;0;2;0;0
4100322001.avi;0;2;1;1
4100322007.avi;1;3;1;1
4100322025.avi;2;2;0;0
4100322031.avi;2;2;0;0
4100322032.avi;1;1;0;0
4100322033.avi;2;2;0;0
4100322034.avi;1;2;0;0
4100322035.avi;3;2;1;1
4100322037.avi;1;2;0;0
4100322038.avi;1;2;1;0
4100322039.avi;1;2;0;1
4100322040.avi;0;3;0;0
4100322041.avi;1;2;0;0
4100322042.avi;0;3;0;0
4100322044.avi;1;3;0;0
4100322045.avi;0;3;0;0
4100322048.avi;0;2;0;0
4100322051.avi;0;3;2;2
4100322052.avi;1;3;0;0
4100322053.avi;0;2;0;1
4100322055.avi;2;2;1;1
4100322056.avi;2;2;2;1
4100322057.avi;3;2;2;0
4100322058.avi;1;2;0;1
4100322059.avi;2;3;0;0
4100322060.avi;2;2;0;0
4100322061.avi;1;2;0;0
5000391001.avi;1;2;1;1
5000391002.avi;1;2;0;0
5000391004.avi;3;3;1;0
5000391005.avi;2;2;0;0
5000391007.avi;1;3;0;1
5000391008.avi;2;2;0;0
5000391010.avi;3;2;2;3
5000391012.avi;1;2;0;0
5000391013.avi;1;3;2;1
5000391014.avi;1;2;0;0
5000391015.avi;2;3;0;0
5000391016.avi;2;3;0;0
5000391017.avi;2;1;0;0
5000391019.avi;0;2;0;0
5000391020.avi;1;2;1;0
5000391022.avi;2;3;0;0
5000391023.avi;2;2;0;0
5000391024.avi;1;2;0;0
5000391026.avi;2;2;0;0
5000391028.avi;1;3;0;1
5000391029.avi;2;2;0;1
5000391030.avi;1;3;0;0
5000391031.avi;0;3;0;0
5000391032.avi;2;3;1;1
5000391034.avi;1;2;0;0
5000391035.avi;2;3;0;0
5000391036.avi;1;2;0;0
5000391037.avi;2;3;0;0
5000391038.avi;2;2;0;0
5000391040.avi;2;2;1;1
5000391045.avi;2;1;0;0
5000391046.avi;1;2;0;1
5000391047.avi;0;3;0;0
5000391049.avi;2;2;1;0
5000391050.avi;2;2;0;0
5000391054.avi;2;2;0;0
5000391055.avi;2;1;0;1
5000391056.avi;3;1;0;0
5000391059.avi;1;2;0;0
5000391060.avi;1;1;0;0
5000391061.avi;2;2;0;0
5000391062.avi;0;3;0;0
5000391063.avi;0;3;0;0
5000391064.avi;1;2;1;1
5000391065.avi;2;2;0;0
5000391066.avi;0;3;0;0
5000391067.avi;1;2;1;1
5000391068.avi;0;3;0;0
5000391069.avi;3;3;1;1
5000391070.avi;0;2;0;0
5000391071.avi;2;2;1;0
5000391072.avi;1;2;0;0
5000391073.avi;2;2;0;0
5000391074.avi;1;2;0;1
5000391076.avi;1;2;0;0
5000391078.avi;1;2;0;0
5000391079.avi;0;2;0;0
5000391080.avi;1;3;0;0
5000391081.avi;0;2;0;0
5000392001.avi;0;2;0;0
5000392002.avi;2;2;0;0
5000392003.avi;1;3;0;0
5000392006.avi;2;2;0;0
5000392007.avi;2;2;0;1
5000392010.avi;3;3;0;0
5000392011.avi;1;2;0;0
5000392015.avi;3;2;1;2
5000392016.avi;1;2;0;0
5000392017.avi;1;2;0;1
5000392018.avi;2;2;0;0
5000392019.avi;2;2;0;0
5000392020.avi;2;2;1;1
5000392021.avi;2;2;2;0
5000392022.avi;2;2;1;1
5000392025.avi;1;2;0;0
5000392026.avi;2;2;1;0
5000392027.avi;2;2;0;0
5000392029.avi;1;2;0;0
5000392033.avi;2;1;2;1
5000392035.avi;2;2;0;0
5000392036.avi;3;3;0;0
5000392038.avi;1;2;1;1
5000392039.avi;2;2;0;0
5000392040.avi;2;3;0;0
5000392041.avi;1;3;0;0
5000392042.avi;2;2;0;0
5000392044.avi;2;2;0;1
5000392047.avi;2;2;0;0
5000392048.avi;2;2;0;0
5000392049.avi;1;3;1;1
5000392050.avi;1;3;0;0
5000392051.avi;1;3;0;0
5000392052.avi;0;1;0;0
5000392053.avi;2;2;0;0
5000392054.avi;2;2;0;0
5000392055.avi;0;2;0;0
5000392056.avi;2;2;0;0
5000392058.avi;2;2;0;0
5000392060.avi;0;1;0;2
5000392062.avi;2;2;0;0
5000392063.avi;2;2;0;0
5000392064.avi;1;2;1;1
5000392065.avi;1;2;0;0
5000392066.avi;2;2;0;1
5000392067.avi;3;2;0;0
5000392070.avi;2;2;0;0
5000392071.avi;2;2;0;1
5000392072.avi;2;2;0;0
5000431019.avi;3;2;0;0
5000431020.avi;0;3;0;0
5000431021.avi;0;3;0;0
5000431022.avi;0;2;0;0
5000431023.avi;0;3;0;0
5000431025.avi;1;2;0;0
5000431026.avi;0;2;0;0
5000431049.avi;1;3;0;0
5000431050.avi;1;3;0;0
5000432001.avi;1;3;0;0
5000432003.avi;0;2;0;0
5000432006.avi;0;2;0;0
5000432059.avi;0;3;0;0
5564630110.avi;2;2;1;1
5564630112.avi;2;2;2;0
5564630115.avi;0;2;1;0
5564630117.avi;1;3;1;1
556463012.avi;0;3;0;0
5564630121.avi;1;3;0;0
5564630122.avi;2;2;1;1
5564630123.avi;2;3;1;0
5564630126.avi;0;0;0;1
5564630127.avi;0;3;0;1
5564630128.avi;1;3;0;0
5564630129.avi;1;3;0;0
556463013.avi;1;3;1;0
5564630130.avi;0;2;0;0
5564630132.avi;2;1;1;1
5564630133.avi;2;2;1;1
5564630134.avi;1;2;0;0
5564630135.avi;1;3;0;0
5564630137.avi;2;1;0;0
5564630138.avi;2;1;1;2
5564630139.avi;2;2;0;0
556463014.avi;0;1;0;1
5564630140.avi;2;2;1;2
5564630141.avi;1;1;1;1
5564630142.avi;1;2;1;0
5564630143.avi;1;2;1;1
5564630145.avi;1;3;0;0
5564630147.avi;1;2;1;0
5564630148.avi;0;3;0;0
5564630149.avi;2;2;0;0
5564630150.avi;1;2;0;0
5564630152.avi;1;2;1;1
5564630153.avi;0;3;0;0
5564630154.avi;2;1;1;2
5564630156.avi;2;1;0;0
5564630157.avi;2;3;0;0
5564630158.avi;2;3;0;1
556463016.avi;1;3;1;0
5564630160.avi;1;2;1;0
5564630161.avi;1;2;1;0
5564630162.avi;0;3;0;0
5564630163.avi;1;3;2;2
5564630165.avi;1;2;1;1
5564630166.avi;1;2;1;0
5564630167.avi;0;3;0;0
5564630168.avi;2;1;1;0
556463018.avi;1;3;0;0
556463019.avi;1;2;0;1
5564630211.avi;3;1;0;2
5564630212.avi;2;2;0;0
5564630213.avi;1;3;0;0
5564630215.avi;1;2;1;0
5564630216.avi;1;3;0;0
5564630217.avi;0;3;0;0
5564630218.avi;1;2;1;1
5564630219.avi;0;2;1;0
556463022.avi;2;1;1;0
5564630221.avi;0;3;0;0
5564630222.avi;1;3;0;1
5564630226.avi;1;1;1;0
5564630228.avi;1;3;0;0
5564630229.avi;0;3;0;1
5564630230.avi;0;3;0;0
5564630232.avi;1;2;0;0
5564630233.avi;3;2;2;3
5564630234.avi;1;3;0;0
5564630235.avi;3;2;0;0
5564630236.avi;2;3;2;1
5564630237.avi;1;3;0;1
5564630238.avi;2;1;0;0
556463024.avi;1;3;0;0
5564630240.avi;2;2;1;0
5564630241.avi;2;3;0;0
5564630247.avi;1;3;0;0
5564630249.avi;1;3;0;1
556463025.avi;1;1;0;1
5564630252.avi;2;2;0;0
5564630253.avi;1;3;0;0
5564630254.avi;1;3;0;0
5564630256.avi;1;2;1;2
5564630257.avi;2;1;0;1
5564630258.avi;2;3;0;0
556463026.avi;0;2;0;0
5564630261.avi;1;3;1;0
5564630262.avi;2;3;1;0
5564630264.avi;2;2;0;1
5564630265.avi;1;3;1;0
5564630269.avi;0;2;2;1
556463027.avi;0;3;0;0
5564630273.avi;2;2;2;1
5564630275.avi;2;2;1;0
5564630276.avi;0;3;0;1
556463028.avi;3;2;1;1
5564630281.avi;2;3;1;1
556463029.avi;1;2;0;0
567496011.avi;0;3;0;0
5674960111.avi;1;2;1;1
5674960114.avi;1;3;0;0
5674960115.avi;1;2;1;0
5674960116.avi;1;3;1;0
5674960117.avi;1;2;1;0
5674960118.avi;0;2;1;0
5674960121.avi;0;3;0;0
5674960123.avi;1;3;0;0
5674960124.avi;1;2;1;1
5674960125.avi;0;3;2;1
5674960126.avi;0;3;0;0
567496013.avi;0;2;2;1
5674960131.avi;1;2;0;0
5674960132.avi;0;3;2;0
5674960134.avi;0;3;1;0
5674960136.avi;2;2;0;0
5674960138.avi;1;2;2;0
567496014.avi;1;3;0;0
5674960142.avi;1;2;1;1
5674960144.avi;0;3;0;0
5674960145.avi;2;3;1;0
5674960146.avi;1;3;1;1
5674960148.avi;2;3;2;3
5674960151.avi;2;3;1;0
5674960153.avi;1;3;1;1
5674960154.avi;2;3;2;0
5674960155.avi;1;1;1;1
5674960156.avi;1;2;1;1
5674960157.avi;1;2;1;0
5674960158.avi;0;2;0;0
5674960160.avi;0;3;1;0
5674960161.avi;1;2;1;0
5674960166.avi;1;3;0;0
567496017.avi;1;2;0;0
5674960170.avi;1;3;1;0
567496018.avi;1;2;0;0
567496019.avi;0;3;2;0
567496021.avi;0;1;1;0
5674960211.avi;1;2;2;1
5674960215.avi;0;3;1;0
5674960216.avi;1;3;1;1
5674960219.avi;0;3;1;1
567496022.avi;1;1;1;1
5674960220.avi;0;3;1;0
5674960221.avi;1;3;2;0
5674960222.avi;1;1;0;0
5674960224.avi;0;3;0;0
5674960225.avi;1;0;1;1
5674960227.avi;0;3;1;0
5674960228.avi;1;3;0;0
5674960229.avi;0;2;0;0
5674960230.avi;1;3;1;0
5674960234.avi;1;2;3;0
5674960235.avi;1;2;1;0
567496024.avi;0;2;1;3
5674960242.avi;1;2;1;1
5674960246.avi;1;3;1;1
5674960249.avi;1;2;1;0
5674960251.avi;1;3;1;0
5674960252.avi;0;2;2;1
5674960255.avi;1;2;1;2
5674960257.avi;3;2;1;2
567496026.avi;0;3;0;0
5674960261.avi;0;2;2;1
5674960264.avi;0;3;1;0
5674960268.avi;1;3;1;0
5674960272.avi;0;3;1;1
5674960273.avi;1;2;2;0
5674960274.avi;0;3;0;0
5674960275.avi;1;3;1;0
5674960276.avi;0;3;0;0
5674960277.avi;1;3;1;0
5674960278.avi;0;3;0;0
5674960279.avi;1;3;1;0
567496028.avi;1;2;0;0
5674960281.avi;0;3;0;0
5674960282.avi;0;3;0;0
5674960283.avi;0;0;0;1
567496029.avi;0;3;0;2
5912920111.avi;1;2;1;0
5912920112.avi;1;3;0;0
5912920113.avi;0;3;0;0
5912920114.avi;0;2;1;0
5912920119.avi;0;3;0;0
5912920121.avi;1;3;0;0
5912920123.avi;0;3;1;1
5912920124.avi;1;2;1;0
5912920125.avi;1;2;1;0
5912920126.avi;1;3;0;0
5912920127.avi;0;3;0;0
5912920128.avi;2;1;0;0
5912920129.avi;0;2;1;0
5912920131.avi;0;3;1;0
5912920133.avi;0;2;0;0
5912920135.avi;0;3;0;0
5912920137.avi;1;3;0;0
5912920140.avi;1;3;1;0
5912920142.avi;0;3;0;0
5912920143.avi;1;2;0;0
5912920145.avi;1;2;0;0
5912920146.avi;0;2;1;0
5912920147.avi;0;3;0;0
5912920148.avi;0;3;0;0
5912920149.avi;0;2;0;0
591292015.avi;1;3;0;0
5912920151.avi;0;3;1;0
5912920152.avi;0;3;0;0
5912920154.avi;0;3;1;0
5912920156.avi;0;3;0;0
5912920158.avi;0;3;0;0
5912920159.avi;0;3;0;0
5912920160.avi;1;3;1;0
5912920163.avi;0;2;1;0
5912920167.avi;1;2;0;0
5912920168.avi;0;3;0;0
5912920169.avi;0;2;0;0
5912920170.avi;1;3;1;1
5912920171.avi;0;3;1;0
5912920172.avi;0;3;0;1
591292019.avi;1;3;0;0
591292021.avi;0;3;0;0
5912920211.avi;0;3;1;0
5912920212.avi;1;3;0;0
5912920213.avi;0;3;0;0
5912920216.avi;0;3;0;0
5912920217.avi;1;2;0;0
5912920220.avi;1;2;1;0
5912920222.avi;0;3;0;0
5912920223.avi;1;2;1;0
5912920225.avi;0;3;0;0
5912920227.avi;0;3;0;0
5912920228.avi;0;2;0;0
5912920230.avi;0;3;0;0
5912920231.avi;0;3;0;0
5912920233.avi;0;3;1;0
5912920234.avi;0;2;0;0
5912920235.avi;1;3;0;1
5912920236.avi;1;3;1;0
5912920239.avi;0;2;2;0
591292024.avi;0;3;0;0
5912920240.avi;1;3;0;1
5912920241.avi;3;3;0;0
5912920242.avi;1;2;0;0
5912920243.avi;1;2;1;0
5912920244.avi;1;2;1;1
5912920245.avi;0;3;1;0
5912920249.avi;0;3;2;1
5912920250.avi;0;3;0;0
5912920256.avi;1;3;1;0
5912920260.avi;1;3;0;0
5912920263.avi;1;3;1;1
5912920265.avi;0;3;1;0
5912920266.avi;1;2;1;0
5912920267.avi;1;3;1;1
5912920268.avi;0;3;0;0
5912920273.avi;1;3;0;0
5912920274.avi;0;3;0;0
5912920275.avi;1;3;0;2
5912920276.avi;0;3;0;0
5912920277.avi;0;3;0;0
5912920279.avi;0;3;0;0
5912920280.avi;0;3;1;0
769862011.avi;0;3;1;0
7698620112.avi;0;3;0;0
7698620113.avi;1;3;1;1
7698620115.avi;1;3;0;0
7698620116.avi;0;3;0;0
7698620118.avi;1;2;2;1
7698620120.avi;1;3;0;0
7698620122.avi;1;3;1;1
7698620123.avi;1;3;0;0
7698620126.avi;0;3;1;0
7698620129.avi;1;3;0;0
7698620130.avi;2;2;0;0
7698620131.avi;1;2;0;0
7698620132.avi;0;3;1;0
7698620133.avi;0;3;0;0
7698620134.avi;1;3;1;0
7698620136.avi;1;2;0;0
7698620138.avi;1;3;0;0
7698620139.avi;2;3;0;0
769862014.avi;0;3;0;0
7698620141.avi;1;3;0;0
7698620144.avi;1;3;0;0
7698620145.avi;1;2;1;0
7698620149.avi;1;3;0;0
769862015.avi;1;2;1;1
7698620150.avi;0;3;0;0
7698620151.avi;0;3;0;0
7698620152.avi;0;3;1;1
7698620153.avi;1;3;1;1
7698620156.avi;0;2;0;0
7698620158.avi;1;3;0;0
769862016.avi;1;2;0;0
7698620160.avi;0;3;0;0
7698620161.avi;1;3;1;0
7698620163.avi;1;3;0;0
7698620165.avi;0;3;0;0
7698620166.avi;0;2;0;0
7698620167.avi;1;3;0;0
7698620169.avi;1;3;0;0
769862017.avi;0;1;0;0
7698620170.avi;2;2;1;0
7698620171.avi;1;3;2;1
769862018.avi;1;3;0;0
769862019.avi;1;3;1;1
769862021.avi;0;3;0;0
7698620211.avi;2;3;1;0
7698620212.avi;0;3;0;0
7698620217.avi;1;3;0;1
7698620218.avi;0;3;0;0
769862022.avi;0;3;0;0
7698620221.avi;0;3;0;0
7698620222.avi;0;3;0;0
7698620224.avi;1;3;1;0
7698620225.avi;1;2;1;0
7698620227.avi;2;2;1;1
7698620229.avi;1;2;2;1
7698620230.avi;1;3;0;0
7698620231.avi;0;3;0;0
7698620233.avi;2;1;1;1
7698620236.avi;1;2;0;0
7698620238.avi;1;3;1;1
7698620239.avi;1;3;0;0
7698620244.avi;1;3;1;0
7698620245.avi;1;3;0;0
7698620250.avi;1;3;0;0
7698620252.avi;1;1;1;1
7698620253.avi;1;2;1;0
7698620255.avi;0;2;0;0
7698620256.avi;1;3;0;0
7698620258.avi;0;3;0;0
7698620260.avi;1;2;1;1
7698620261.avi;1;3;0;1
7698620262.avi;1;2;0;1
7698620264.avi;1;2;1;0
7698620265.avi;1;3;1;1
7698620267.avi;1;3;0;0
7698620268.avi;0;3;0;0
7698620270.avi;0;3;1;0
7698620274.avi;1;3;0;0
7698620275.avi;1;3;1;1
769862028.avi;2;3;2;1
7698620281.avi;0;3;1;0
7698620283.avi;0;3;0;0
7994020110.mp4;1;3;0;0
79940201100.mp4;1;2;1;1
79940201110.mp4;0;3;0;0
79940201140.mp4;0;3;1;0
79940201150.mp4;1;3;0;0
79940201160.mp4;0;3;0;0
79940201180.mp4;0;3;1;1
79940201210.mp4;1;3;0;0
79940201230.mp4;2;3;0;0
79940201250.mp4;1;3;0;0
79940201270.mp4;1;2;0;0
7994020130.mp4;1;2;1;0
79940201300.mp4;1;1;1;2
79940201320.mp4;2;3;0;0
79940201330.mp4;0;3;2;0
79940201340.mp4;1;3;0;0
79940201350.mp4;0;3;0;0
79940201360.mp4;1;3;1;0
79940201370.mp4;1;2;2;1
79940201380.mp4;1;3;1;2
79940201390.mp4;0;1;2;2
7994020140.mp4;1;2;0;1
79940201410.mp4;2;3;0;0
79940201420.mp4;0;3;1;1
79940201430.mp4;0;3;0;0
79940201470.mp4;1;3;1;0
79940201490.mp4;1;3;0;1
79940201510.mp4;0;2;1;0
79940201560.mp4;2;2;2;1
79940201570.mp4;1;3;0;0
79940201580.mp4;2;2;2;3
7994020160.mp4;1;3;1;0
79940201620.mp4;1;3;1;1
79940201650.mp4;1;2;1;0
79940201660.mp4;2;1;1;1
79940201690.mp4;0;3;2;0
79940201700.mp4;1;2;0;0
79940201710.mp4;1;3;2;0
79940201720.mp4;1;3;0;0
79940201730.mp4;1;2;1;2
79940201740.mp4;0;3;0;0
79940201750.mp4;0;2;1;0
79940201760.mp4;2;3;2;2
79940201770.mp4;1;3;0;0
79940201780.mp4;1;3;1;0
79940201790.mp4;2;1;1;1
79940201810.mp4;1;3;0;0
79940201820.mp4;1;3;0;0
79940201850.mp4;2;2;0;0
79940201860.mp4;2;3;0;0
79940201880.mp4;1;3;1;0
79940201930.mp4;2;2;1;1
79940201950.mp4;1;3;0;2
79940202100.mp4;3;3;0;0
79940202120.mp4;0;3;0;0
79940202130.mp4;1;2;0;0
79940202140.mp4;0;2;1;1
79940202160.mp4;1;3;1;1
79940202170.mp4;1;2;1;1
79940202180.mp4;2;2;1;0
79940202190.mp4;1;2;1;1
79940202200.mp4;1;3;0;0
79940202210.mp4;2;2;1;0
79940202220.mp4;2;2;1;1
79940202230.mp4;1;3;1;0
79940202270.mp4;1;1;0;1
79940202280.mp4;1;1;1;1
7994020230.mp4;2;1;1;1
79940202300.mp4;1;2;0;0
79940202310.mp4;2;1;1;1
79940202320.mp4;1;3;0;0
79940202340.mp4;1;2;1;0
79940202350.mp4;1;2;0;0
79940202370.mp4;1;3;0;0
79940202390.mp4;1;2;0;0
79940202400.mp4;1;2;1;0
79940202410.mp4;1;2;0;0
79940202450.mp4;1;2;1;1
79940202470.mp4;1;2;0;0
79940202480.mp4;2;2;1;1
79940202490.mp4;3;1;0;0
7994020250.mp4;0;3;1;0
79940202510.mp4;2;2;1;1
79940202520.mp4;1;3;0;0
79940202540.mp4;1;3;0;0
79940202560.mp4;1;3;0;0
79940202570.mp4;1;3;1;0
79940202580.mp4;2;2;0;0
79940202620.mp4;1;3;0;0
79940202690.mp4;1;3;0;0
7994020270.mp4;1;3;0;0
79940202700.mp4;1;3;0;0
79940202710.mp4;3;2;1;3
79940202750.mp4;1;2;0;1
79940202760.mp4;1;3;0;0
79940202790.mp4;1;3;1;1
7994020280.mp4;1;2;1;1
79940202800.mp4;3;1;0;0
79940202820.mp4;1;2;1;0
79940202840.mp4;2;1;0;1
79940202850.mp4;1;1;1;0
79940202860.mp4;2;1;1;0
79940202870.mp4;2;2;1;0
79940202890.mp4;0;3;0;0
7994020290.mp4;1;3;1;1
8263820112.mp4;0;3;0;0
8263820113.mp4;0;2;1;1
8263820120.mp4;1;2;1;0
8263820123.mp4;0;2;0;0
8263820124.mp4;1;2;1;1
8263820126.mp4;0;3;0;0
8263820132.mp4;0;3;0;0
8263820135.mp4;1;2;0;0
8263820136.mp4;1;3;0;0
8263820138.mp4;1;2;2;1
8263820139.mp4;3;2;1;1
8263820140.mp4;0;2;0;0
8263820141.mp4;1;2;1;1
8263820144.mp4;0;3;0;0
8263820145.mp4;1;2;0;1
8263820146.mp4;1;2;2;1
8263820147.mp4;1;3;1;1
8263820148.mp4;0;3;0;0
826382015.mp4;0;2;1;0
8263820150.mp4;1;3;0;0
8263820151.mp4;0;3;0;0
8263820152.mp4;1;2;1;0
8263820155.mp4;1;2;0;0
8263820156.mp4;1;2;0;0
8263820159.mp4;1;3;0;1
826382016.mp4;0;3;0;0
8263820160.mp4;2;3;1;0
8263820162.mp4;0;3;0;0
8263820165.mp4;1;3;0;0
8263820169.mp4;1;2;0;1
8263820170.mp4;0;3;0;0
826382018.mp4;1;3;0;0
826382021.mp4;1;2;1;1
8263820210.mp4;1;2;1;0
8263820211.mp4;1;3;2;1
8263820212.mp4;1;3;1;1
8263820213.mp4;1;2;2;1
8263820214.mp4;1;3;0;0
8263820221.mp4;2;3;1;1
8263820223.mp4;1;2;0;0
8263820224.mp4;1;2;1;1
8263820227.mp4;1;2;1;0
8263820228.mp4;2;2;1;1
826382023.mp4;1;3;1;0
8263820231.mp4;1;3;1;1
8263820233.mp4;0;3;1;0
8263820234.mp4;0;3;0;0
8263820235.mp4;0;3;0;0
8263820237.mp4;0;3;1;0
8263820239.mp4;0;3;1;0
826382024.mp4;1;1;0;1
8263820240.mp4;0;3;0;0
8263820242.mp4;1;2;1;1
8263820243.mp4;0;3;2;1
8263820245.mp4;1;2;1;0
8263820246.mp4;0;3;0;0
8263820247.mp4;1;2;1;1
8263820251.mp4;0;3;0;0
8263820253.mp4;1;2;1;0
8263820254.mp4;0;3;0;0
8263820255.mp4;2;2;0;1
8263820256.mp4;1;2;1;0
8263820257.mp4;1;2;2;0
8263820259.mp4;1;3;1;1
826382026.mp4;0;3;0;0
8263820260.mp4;0;2;0;0
8263820264.mp4;0;3;1;1
8263820265.mp4;1;2;1;0
8263820266.mp4;1;2;1;0
8263820268.mp4;1;3;0;0
8263820269.mp4;0;2;0;0
826382027.mp4;1;2;1;1
8263820272.mp4;0;3;0;1
8263820273.mp4;0;3;1;0
8263820275.mp4;1;2;1;1
8263820277.mp4;0;2;0;0
8263820278.mp4;1;2;1;1
8263820279.mp4;1;3;0;0
826382028.mp4;1;2;0;0
